It's Only the Himalayas,Travel,Two,Â£45.17,In stock 
Full Moon over Noahâs ...,Travel,Four,Â£49.43,In stock 
See America: A Celebration ...,Travel,Three,Â£48.87,In stock 
Vagabonding: An Uncommon Guide ...,Travel,Two,Â£36.94,In stock 
Under the Tuscan Sun,Travel,Three,Â£37.33,In stock 
A Summer In Europe,Travel,Two,Â£44.34,In stock 
The Great Railway Bazaar,Travel,One,Â£30.54,In stock 
A Year in Provence ...,Travel,Four,Â£56.88,In stock 
The Road to Little ...,Travel,One,Â£23.21,In stock 
Neither Here nor There: ...,Travel,Three,Â£38.95,In stock 
1,000 Places to See ...,Travel,Five,Â£26.08,In stock 
Sharp Objects,Mystery,Four,Â£47.82,In stock 
In a Dark, Dark ...,Mystery,One,Â£19.63,In stock 
The Past Never Ends,Mystery,Four,Â£56.50,In stock 
A Murder in Time,Mystery,One,Â£16.64,In stock 
The Murder of Roger ...,Mystery,Four,Â£44.10,In stock 
The Last Mile (Amos ...,Mystery,Two,Â£54.21,In stock 
That Darkness (Gardiner and ...,Mystery,One,Â£13.92,In stock 
Tastes Like Fear (DI ...,Mystery,One,Â£10.69,In stock 
A Time of Torment ...,Mystery,Five,Â£48.35,In stock 
A Study in Scarlet ...,Mystery,Two,Â£16.73,In stock 
Poisonous (Max Revere Novels ...,Mystery,Three,Â£26.80,In stock 
Murder at the 42nd ...,Mystery,Four,Â£54.36,In stock 
Most Wanted,Mystery,Three,Â£35.28,In stock 
Hide Away (Eve Duncan ...,Mystery,One,Â£11.84,In stock 
Boar Island (Anna Pigeon ...,Mystery,Three,Â£59.48,In stock 
The Widow,Mystery,Two,Â£27.26,In stock 
Playing with Fire,Mystery,Three,Â£13.71,In stock 
What Happened on Beale ...,Mystery,Five,Â£25.37,In stock 
The Bachelor Girl's Guide ...,Mystery,Five,Â£52.30,In stock 
Delivering the Truth (Quaker ...,Mystery,Four,Â£20.89,In stock 
The Mysterious Affair at ...,Mystery,Four,Â£24.80,In stock 
In the Woods (Dublin ...,Mystery,Two,Â£38.38,In stock 
The Silkworm (Cormoran Strike ...,Mystery,Five,Â£23.05,In stock 
The Exiled,Mystery,Three,Â£43.45,In stock 
The Cuckoo's Calling (Cormoran ...,Mystery,One,Â£19.21,In stock 
Extreme Prey (Lucas Davenport ...,Mystery,Three,Â£25.40,In stock 
Career of Evil (Cormoran ...,Mystery,Two,Â£24.72,In stock 
The No. 1 Ladies' ...,Mystery,Four,Â£57.70,In stock 
The Girl You Lost,Mystery,Five,Â£12.29,In stock 
The Girl In The ...,Mystery,Three,Â£15.85,In stock 
Blood Defense (Samantha Brinkman ...,Mystery,Three,Â£20.30,In stock 
1st to Die (Women's ...,Mystery,One,Â£53.98,In stock 
Tipping the Velvet,Historical Fiction,One,Â£53.74,In stock 
Forever and Forever: The ...,Historical Fiction,Three,Â£29.69,In stock 
A Flight of Arrows ...,Historical Fiction,Five,Â£55.53,In stock 
The House by the ...,Historical Fiction,One,Â£36.95,In stock 
Mrs. Houdini,Historical Fiction,Five,Â£30.25,In stock 
The Marriage of Opposites,Historical Fiction,Four,Â£28.08,In stock 
Glory over Everything: Beyond ...,Historical Fiction,Three,Â£45.84,In stock 
Love, Lies and Spies,Historical Fiction,Two,Â£20.55,In stock 
A Paris Apartment,Historical Fiction,Four,Â£39.01,In stock 
Lilac Girls,Historical Fiction,Two,Â£17.28,In stock 
The Constant Princess (The ...,Historical Fiction,Three,Â£16.62,In stock 
The Invention of Wings,Historical Fiction,One,Â£37.34,In stock 
World Without End (The ...,Historical Fiction,Four,Â£32.97,In stock 
The Passion of Dolssa,Historical Fiction,Five,Â£28.32,In stock 
Girl With a Pearl ...,Historical Fiction,One,Â£26.77,In stock 
Voyager (Outlander #3),Historical Fiction,Five,Â£21.07,In stock 
The Red Tent,Historical Fiction,Five,Â£35.66,In stock 
The Last Painting of ...,Historical Fiction,Two,Â£55.55,In stock 
The Guernsey Literary and ...,Historical Fiction,One,Â£49.53,In stock 
Girl in the Blue ...,Historical Fiction,Two,Â£46.83,In stock 
Between Shades of Gray,Historical Fiction,Five,Â£20.79,In stock 
While You Were Mine,Historical Fiction,Five,Â£41.32,In stock 
The Secret Healer,Historical Fiction,Three,Â£34.56,In stock 
Starlark,Historical Fiction,Three,Â£25.83,In stock 
Lost Among the Living,Historical Fiction,Four,Â£27.70,In stock 
A Spy's Devotion (The ...,Historical Fiction,Five,Â£16.97,In stock 
Scott Pilgrim's Precious Little ...,Sequential Art,Five,Â£52.29,In stock 
Tsubasa: WoRLD CHRoNiCLE 2 ...,Sequential Art,One,Â£16.28,In stock 
This One Summer,Sequential Art,Four,Â£19.49,In stock 
The Nameless City (The ...,Sequential Art,Four,Â£38.16,In stock 
Saga, Volume 5 (Saga ...,Sequential Art,Two,Â£51.04,In stock 
Rat Queens, Vol. 3: ...,Sequential Art,Three,Â£50.40,In stock 
Princess Jellyfish 2-in-1 Omnibus, ...,Sequential Art,Five,Â£13.61,In stock 
Pop Gun War, Volume ...,Sequential Art,One,Â£18.97,In stock 
Patience,Sequential Art,Three,Â£10.16,In stock 
Outcast, Vol. 1: A ...,Sequential Art,Four,Â£15.44,In stock 
orange: The Complete Collection ...,Sequential Art,One,Â£48.41,In stock 
Lumberjanes, Vol. 2: Friendship ...,Sequential Art,Two,Â£46.91,In stock 
Lumberjanes, Vol. 1: Beware ...,Sequential Art,Three,Â£45.61,In stock 
Lumberjanes Vol. 3: A ...,Sequential Art,Two,Â£19.92,In stock 
I Hate Fairyland, Vol. ...,Sequential Art,Two,Â£29.17,In stock 
I am a Hero ...,Sequential Art,Three,Â£54.63,In stock 
Giant Days, Vol. 2 ...,Sequential Art,Two,Â£22.11,In stock 
Danganronpa Volume 1,Sequential Art,Four,Â£51.99,In stock 
Codename Baboushka, Volume 1: ...,Sequential Art,Four,Â£36.72,In stock 
Camp Midnight,Sequential Art,Four,Â£17.08,In stock 
Bitch Planet, Vol. 1: ...,Sequential Art,Two,Â£37.92,In stock 
The Shadow Hero (The ...,Sequential Art,One,Â£33.14,In stock 
Fables, Vol. 1: Legends ...,Sequential Art,Four,Â£41.62,In stock 
Batman: The Long Halloween ...,Sequential Art,Two,Â£36.50,In stock 
Batman: The Dark Knight ...,Sequential Art,Five,Â£15.38,In stock 
Wonder Woman: Earth One, ...,Sequential Art,Four,Â£37.34,In stock 
We Are Robin, Vol. ...,Sequential Art,One,Â£53.90,In stock 
Through the Woods,Sequential Art,Two,Â£25.38,In stock 
Superman Vol. 1: Before ...,Sequential Art,Five,Â£11.89,In stock 
So Cute It Hurts!!, ...,Sequential Art,Four,Â£35.43,In stock 
Robin War,Sequential Art,Three,Â£47.82,In stock 
Red Hood/Arsenal, Vol. 1: ...,Sequential Art,Two,Â£25.48,In stock 
Naruto (3-in-1 Edition), Vol. ...,Sequential Art,Two,Â£38.39,In stock 
Lowriders to the Center ...,Sequential Art,Two,Â£51.51,In stock 
El Deafo,Sequential Art,Five,Â£57.62,In stock 
Batman: Europa,Sequential Art,Two,Â£32.01,In stock 
Art Ops Vol. 1,Sequential Art,Three,Â£48.80,In stock 
Adulthood Is a Myth: ...,Sequential Art,Two,Â£10.90,In stock 
Fruits Basket, Vol. 9 ...,Sequential Art,Four,Â£33.95,In stock 
Roller Girl,Sequential Art,Five,Â£14.10,In stock 
Fruits Basket, Vol. 7 ...,Sequential Art,One,Â£19.57,In stock 
Fruits Basket, Vol. 6 ...,Sequential Art,Four,Â£20.96,In stock 
Death Note, Vol. 6: ...,Sequential Art,Three,Â£36.39,In stock 
Fruits Basket, Vol. 5 ...,Sequential Art,One,Â£16.33,In stock 
Death Note, Vol. 5: ...,Sequential Art,One,Â£52.41,In stock 
The Demon Prince of ...,Sequential Art,Two,Â£27.88,In stock 
Fruits Basket, Vol. 4 ...,Sequential Art,Four,Â£50.44,In stock 
The Wicked + The ...,Sequential Art,Three,Â£14.41,In stock 
The Sandman, Vol. 3: ...,Sequential Art,Five,Â£55.55,In stock 
Saga, Volume 3 (Saga ...,Sequential Art,Five,Â£21.57,In stock 
Prodigy: The Graphic Novel ...,Sequential Art,Three,Â£43.63,In stock 
Persepolis: The Story of ...,Sequential Art,One,Â£39.13,In stock 
Original Fake,Sequential Art,Three,Â£31.45,In stock 
Grayson, Vol 3: Nemesis ...,Sequential Art,One,Â£42.72,In stock 
Fruits Basket, Vol. 3 ...,Sequential Art,Two,Â£45.17,In stock 
Black Butler, Vol. 1 ...,Sequential Art,One,Â£49.31,In stock 
Awkward,Sequential Art,Two,Â£38.02,In stock 
The Sandman, Vol. 2: ...,Sequential Art,One,Â£54.81,In stock 
Saga, Volume 2 (Saga ...,Sequential Art,Three,Â£11.75,In stock 
Fruits Basket, Vol. 2 ...,Sequential Art,Five,Â£11.64,In stock 
Y: The Last Man, ...,Sequential Art,Four,Â£18.51,In stock 
The Wicked + The ...,Sequential Art,Two,Â£36.52,In stock 
The Sandman, Vol. 1: ...,Sequential Art,Three,Â£54.12,In stock 
The Complete Maus (Maus ...,Sequential Art,Three,Â£10.64,In stock 
Skip Beat!, Vol. 01 ...,Sequential Art,Three,Â£42.12,In stock 
Saga, Volume 1 (Saga ...,Sequential Art,One,Â£28.48,In stock 
Rat Queens, Vol. 1: ...,Sequential Art,Five,Â£46.96,In stock 
Paper Girls, Vol. 1 ...,Sequential Art,Four,Â£21.71,In stock 
Ouran High School Host ...,Sequential Art,Three,Â£29.87,In stock 
Ms. Marvel, Vol. 1: ...,Sequential Art,Four,Â£39.39,In stock 
Hawkeye, Vol. 1: My ...,Sequential Art,Three,Â£45.24,In stock 
Giant Days, Vol. 1 ...,Sequential Art,Four,Â£56.76,In stock 
Fruits Basket, Vol. 1 ...,Sequential Art,Five,Â£40.28,In stock 
Bleach, Vol. 1: Strawberry ...,Sequential Art,Five,Â£34.65,In stock 
Ajin: Demi-Human, Volume 1 ...,Sequential Art,Four,Â£57.06,In stock 
The Secret Garden,Classics,Four,Â£15.08,In stock 
The Metamorphosis,Classics,One,Â£28.58,In stock 
The Pilgrim's Progress,Classics,Two,Â£50.26,In stock 
The Hound of the ...,Classics,Two,Â£14.82,In stock 
Little Women (Little Women ...,Classics,Four,Â£28.07,In stock 
Gone with the Wind,Classics,Three,Â£32.49,In stock 
Candide,Classics,Three,Â£58.63,In stock 
Animal Farm,Classics,Three,Â£57.22,In stock 
Wuthering Heights,Classics,Three,Â£17.73,In stock 
The Picture of Dorian ...,Classics,Two,Â£29.70,In stock 
The Complete Stories and ...,Classics,Four,Â£26.78,In stock 
Beowulf,Classics,Two,Â£38.35,In stock 
And Then There Were ...,Classics,Two,Â£35.01,In stock 
The Story of Hong ...,Classics,Four,Â£43.19,In stock 
The Little Prince,Classics,Two,Â£45.42,In stock 
Sense and Sensibility,Classics,One,Â£37.46,In stock 
Of Mice and Men,Classics,Two,Â£47.11,In stock 
Emma,Classics,Two,Â£32.93,In stock 
Alice in Wonderland (Alice's ...,Classics,One,Â£55.53,In stock 
Sophie's World,Philosophy,Five,Â£15.94,In stock 
The Death of Humanity: ...,Philosophy,Four,Â£58.11,In stock 
The Stranger,Philosophy,Four,Â£17.44,In stock 
Proofs of God: Classical ...,Philosophy,One,Â£54.21,In stock 
Kierkegaard: A Christian Missionary ...,Philosophy,One,Â£47.13,In stock 
At The Existentialist CafÃ©: ...,Philosophy,Five,Â£29.93,In stock 
Critique of Pure Reason,Philosophy,One,Â£20.75,In stock 
Run, Spot, Run: The ...,Philosophy,One,Â£20.02,In stock 
The Nicomachean Ethics,Philosophy,One,Â£36.34,In stock 
Meditations,Philosophy,Two,Â£25.89,In stock 
Beyond Good and Evil,Philosophy,One,Â£43.38,In stock 
Chase Me (Paris Nights ...,Romance,Five,Â£25.27,In stock 
Black Dust,Romance,Five,Â£34.53,In stock 
Her Backup Boyfriend (The ...,Romance,One,Â£33.97,In stock 
First and First (Five ...,Romance,Four,Â£15.97,In stock 
Fifty Shades Darker (Fifty ...,Romance,One,Â£21.96,In stock 
The Wedding Dress,Romance,One,Â£24.12,In stock 
Suddenly in Love (Lake ...,Romance,Two,Â£55.99,In stock 
Something More Than This,Romance,Four,Â£16.24,In stock 
Doing It Over (Most ...,Romance,Three,Â£35.61,In stock 
The Wedding Pact (The ...,Romance,Three,Â£32.61,In stock 
Hold Your Breath (Search ...,Romance,One,Â£28.82,In stock 
Dirty (Dive Bar #1),Romance,Four,Â£40.83,In stock 
Take Me Home Tonight ...,Romance,Three,Â£53.98,In stock 
Off the Hook (Fishing ...,Romance,Three,Â£47.67,In stock 
A Gentleman's Position (Society ...,Romance,Five,Â£14.75,In stock 
Sit, Stay, Love,Romance,Three,Â£20.90,In stock 
A Girl's Guide to ...,Romance,One,Â£31.30,In stock 
The Perfect Play (Play ...,Romance,Three,Â£59.99,In stock 
Dark Lover (Black Dagger ...,Romance,One,Â£12.87,In stock 
Changing the Game (Play ...,Romance,Three,Â£13.38,In stock 
A Walk to Remember,Romance,One,Â£56.43,In stock 
The Purest Hook (Second ...,Romance,One,Â£12.25,In stock 
The Obsession,Romance,One,Â£45.43,In stock 
Reservations for Two,Romance,Three,Â£11.10,In stock 
Best of My Love ...,Romance,Two,Â£27.41,In stock 
Where Lightning Strikes (Bleeding ...,Romance,Three,Â£39.77,In stock 
This One Moment (Pushing ...,Romance,One,Â£48.71,In stock 
Rhythm, Chord & Malykhin,Romance,Two,Â£28.34,In stock 
My Perfect Mistake (Over ...,Romance,Two,Â£38.92,In stock 
Listen to Me (Fusion ...,Romance,Three,Â£58.99,In stock 
Imperfect Harmony,Romance,Four,Â£34.74,In stock 
Fighting Fate (Fighting #6),Romance,Three,Â£39.24,In stock 
Deep Under (Walker Security ...,Romance,Five,Â£47.09,In stock 
Charity's Cross (Charles Towne ...,Romance,One,Â£41.24,In stock 
Bounty (Colorado Mountain #7),Romance,Four,Â£37.26,In stock 
I Had a Nice ...,Womens Fiction,Four,Â£57.36,In stock 
Will You Won't You ...,Womens Fiction,Three,Â£13.86,In stock 
Keep Me Posted,Womens Fiction,Four,Â£20.46,In stock 
Grey (Fifty Shades #4),Womens Fiction,Four,Â£48.49,In stock 
Meternity,Womens Fiction,Three,Â£43.58,In stock 
Some Women,Womens Fiction,Five,Â£13.73,In stock 
Shopaholic Ties the Knot ...,Womens Fiction,Five,Â£48.39,In stock 
Can You Keep a ...,Womens Fiction,One,Â£21.94,In stock 
Twenties Girl,Womens Fiction,Two,Â£42.80,In stock 
The Undomestic Goddess,Womens Fiction,Four,Â£45.75,In stock 
The Nanny Diaries (Nanny ...,Womens Fiction,Five,Â£52.53,In stock 
The Devil Wears Prada ...,Womens Fiction,One,Â£44.29,In stock 
Something Borrowed (Darcy & ...,Womens Fiction,Five,Â£48.96,In stock 
Something Blue (Darcy & ...,Womens Fiction,One,Â£54.62,In stock 
I've Got Your Number,Womens Fiction,One,Â£19.69,In stock 
The Edge of Reason ...,Womens Fiction,Four,Â£19.18,In stock 
Bridget Jones's Diary (Bridget ...,Womens Fiction,One,Â£29.82,In stock 
Soumission,Fiction,One,Â£50.10,In stock 
Private Paris (Private #10),Fiction,Five,Â£47.61,In stock 
We Love You, Charlie ...,Fiction,Five,Â£50.27,In stock 
Thirst,Fiction,Five,Â£17.27,In stock 
The Murder That Never ...,Fiction,Three,Â£54.11,In stock 
Tuesday Nights in 1980,Fiction,Two,Â£21.04,In stock 
The Vacationers,Fiction,Four,Â£42.15,In stock 
The Regional Office Is ...,Fiction,Five,Â£51.36,In stock 
Finders Keepers (Bill Hodges ...,Fiction,Five,Â£53.53,In stock 
The Time Keeper,Fiction,Five,Â£27.88,In stock 
The Testament of Mary,Fiction,Four,Â£52.67,In stock 
The First Hostage (J.B. ...,Fiction,Three,Â£25.85,In stock 
Take Me with You,Fiction,Three,Â£45.21,In stock 
Still Life with Bread ...,Fiction,Three,Â£26.41,In stock 
Shtum,Fiction,Four,Â£55.84,In stock 
My Name Is Lucy ...,Fiction,One,Â£41.56,In stock 
My Mrs. Brown,Fiction,Three,Â£24.48,In stock 
Mr. Mercedes (Bill Hodges ...,Fiction,One,Â£28.90,In stock 
I Am Pilgrim (Pilgrim ...,Fiction,Four,Â£10.60,In stock 
Eligible (The Austen Project ...,Fiction,Three,Â£27.09,In stock 
Eight Hundred Grapes,Fiction,Four,Â£14.39,In stock 
Dear Mr. Knightley,Fiction,Five,Â£11.21,In stock 
Cometh the Hour (The ...,Fiction,Three,Â£25.01,In stock 
Balloon Animals,Fiction,Three,Â£17.03,In stock 
A Man Called Ove,Fiction,One,Â£39.72,In stock 
The Silent Sister (Riley ...,Fiction,Five,Â£46.29,In stock 
The Dinner Party,Fiction,Two,Â£56.54,In stock 
The Improbability of Love,Fiction,One,Â£59.45,In stock 
Mothering Sunday,Fiction,Two,Â£13.34,In stock 
Lies and Other Acts ...,Fiction,One,Â£45.14,In stock 
Daredevils,Fiction,Three,Â£16.34,In stock 
11/22/63,Fiction,Three,Â£48.48,In stock 
The Shack,Fiction,One,Â£28.03,In stock 
The High Mountains of ...,Fiction,One,Â£51.15,In stock 
Miller's Valley,Fiction,Two,Â£58.54,In stock 
Hystopia: A Novel,Fiction,Four,Â£21.96,In stock 
The Bourne Identity (Jason ...,Fiction,Four,Â£42.78,In stock 
Sister Dear,Fiction,Four,Â£40.20,In stock 
Memoirs of a Geisha,Fiction,Three,Â£49.67,In stock 
Me Before You (Me ...,Fiction,One,Â£19.02,In stock 
Deception Point,Fiction,Four,Â£40.32,In stock 
The Little Paris Bookshop,Fiction,Three,Â£24.73,In stock 
The Firm,Fiction,Three,Â£45.56,In stock 
The Expatriates,Fiction,Two,Â£44.58,In stock 
Siddhartha,Fiction,Five,Â£34.22,In stock 
Last One Home (New ...,Fiction,Three,Â£59.98,In stock 
Digital Fortress,Fiction,Five,Â£58.00,In stock 
Atlas Shrugged,Fiction,Five,Â£26.58,In stock 
Three-Martini Lunch,Fiction,Three,Â£23.21,In stock 
The Nightingale,Fiction,Four,Â£26.26,In stock 
The Infinities,Fiction,One,Â£27.41,In stock 
The Husband's Secret,Fiction,Five,Â£52.51,In stock 
The Da Vinci Code ...,Fiction,Two,Â£22.96,In stock 
The Art of Fielding,Fiction,One,Â£22.10,In stock 
Lila (Gilead #3),Fiction,Three,Â£12.47,In stock 
Jurassic Park (Jurassic Park ...,Fiction,One,Â£44.97,In stock 
Inferno (Robert Langdon #4),Fiction,Five,Â£41.00,In stock 
Crazy Rich Asians (Crazy ...,Fiction,Five,Â£49.13,In stock 
Big Little Lies,Fiction,One,Â£22.11,In stock 
The Course of Love,Fiction,Three,Â£16.78,In stock 
When I'm Gone,Fiction,Three,Â£51.96,In stock 
The Silent Wife,Fiction,Five,Â£12.34,In stock 
The Bette Davis Club,Fiction,Three,Â£30.66,In stock 
Kitchens of the Great ...,Fiction,Five,Â£57.20,In stock 
Bright Lines,Fiction,Five,Â£39.07,In stock 
Birdsong: A Story in ...,Childrens,Three,Â£54.64,In stock 
The Bear and the ...,Childrens,One,Â£36.89,In stock 
The Secret of Dreadwillow ...,Childrens,One,Â£56.13,In stock 
The White Cat and ...,Childrens,Four,Â£58.08,In stock 
Little Red,Childrens,Three,Â£13.47,In stock 
Walt Disney's Alice in ...,Childrens,Five,Â£12.96,In stock 
Twenty Yawns,Childrens,Two,Â£22.08,In stock 
Rain Fish,Childrens,Three,Â£23.57,In stock 
Once Was a Time,Childrens,Two,Â£18.28,In stock 
Luis Paints the World,Childrens,Three,Â£53.95,In stock 
Nap-a-Roo,Childrens,One,Â£25.08,In stock 
The Whale,Childrens,Four,Â£35.96,In stock 
Shrunken Treasures: Literary Classics, ...,Childrens,Three,Â£52.87,In stock 
Raymie Nightingale,Childrens,Two,Â£34.41,In stock 
Playing from the Heart,Childrens,One,Â£32.38,In stock 
Maybe Something Beautiful: How ...,Childrens,One,Â£22.54,In stock 
The Wild Robot,Childrens,Three,Â£56.07,In stock 
The Thing About Jellyfish,Childrens,One,Â£48.77,In stock 
The Lonely Ones,Childrens,Five,Â£43.59,In stock 
The Day the Crayons ...,Childrens,Five,Â£26.33,In stock 
The Cat in the ...,Childrens,Two,Â£16.26,In stock 
Red: The True Story ...,Childrens,Three,Â£28.54,In stock 
Horrible Bear!,Childrens,Two,Â£37.52,In stock 
Green Eggs and Ham ...,Childrens,Four,Â£10.79,In stock 
Counting Thyme,Childrens,One,Â£10.62,In stock 
Are We There Yet?,Childrens,Three,Â£10.66,In stock 
Diary of a Minecraft ...,Childrens,Four,Â£52.88,In stock 
Matilda,Childrens,One,Â£28.34,In stock 
Charlie and the Chocolate ...,Childrens,Three,Â£22.85,In stock 
Don't Be a Jerk: ...,Religion,Two,Â£37.97,In stock 
You Are What You ...,Religion,Four,Â£21.87,In stock 
God: The Most Unpleasant ...,Religion,Five,Â£30.03,In stock 
The Book of Mormon,Religion,Three,Â£24.57,In stock 
A History of God: ...,Religion,One,Â£27.62,In stock 
The Bhagavad Gita,Religion,Three,Â£57.49,In stock 
Choosing Our Religion: The ...,Religion,Four,Â£28.42,In stock 
Worlds Elsewhere: Journeys Around ...,Nonfiction,Five,Â£40.30,In stock 
The Five Love Languages: ...,Nonfiction,Three,Â£31.05,In stock 
Reasons to Stay Alive,Nonfiction,Two,Â£26.41,In stock 
#HigherSelfie: Wake Up Your ...,Nonfiction,Five,Â£23.11,In stock 
Unseen City: The Majesty ...,Nonfiction,Four,Â£44.18,In stock 
Throwing Rocks at the ...,Nonfiction,Three,Â£31.12,In stock 
The Life-Changing Magic of ...,Nonfiction,Three,Â£16.77,In stock 
The Gutsy Girl: Escapades ...,Nonfiction,One,Â£37.13,In stock 
The Electric Pencil: Drawings ...,Nonfiction,One,Â£56.06,In stock 
Spark Joy: An Illustrated ...,Nonfiction,Four,Â£41.83,In stock 
Reskilling America: Learning to ...,Nonfiction,Two,Â£19.83,In stock 
In the Country We ...,Nonfiction,Four,Â£22.00,In stock 
Everydata: The Misinformation Hidden ...,Nonfiction,Two,Â£54.35,In stock 
Call the Nurse: True ...,Nonfiction,Five,Â£29.14,In stock 
Algorithms to Live By: ...,Nonfiction,One,Â£30.81,In stock 
The Power of Now: ...,Nonfiction,Two,Â£43.54,In stock 
The Omnivore's Dilemma: A ...,Nonfiction,Two,Â£38.21,In stock 
The Genius of Birds,Nonfiction,One,Â£17.24,In stock 
The Artist's Way: A ...,Nonfiction,Five,Â£38.49,In stock 
So You've Been Publicly ...,Nonfiction,Two,Â£12.23,In stock 
Daring Greatly: How the ...,Nonfiction,Three,Â£19.43,In stock 
Big Magic: Creative Living ...,Nonfiction,Three,Â£30.80,In stock 
Becoming Wise: An Inquiry ...,Nonfiction,Two,Â£27.43,In stock 
Agnostic: A Spirited Manifesto,Nonfiction,Five,Â£12.51,In stock 
Whole Lotta Creativity Going ...,Nonfiction,Four,Â£38.20,In stock 
What's It Like in ...,Nonfiction,Two,Â£19.60,In stock 
The Year of Magical ...,Nonfiction,Two,Â£43.04,In stock 
The Literature Book (Big ...,Nonfiction,Three,Â£17.43,In stock 
The Bad-Ass Librarians of ...,Nonfiction,One,Â£15.77,In stock 
Swell: A Year of ...,Nonfiction,One,Â£45.58,In stock 
No Dream Is Too ...,Nonfiction,Two,Â£21.95,In stock 
Looking for Lovely: Collecting ...,Nonfiction,Five,Â£29.14,In stock 
Let It Out: A ...,Nonfiction,Five,Â£26.79,In stock 
Hamilton: The Revolution,Nonfiction,Three,Â£58.79,In stock 
Far & Away: Places ...,Nonfiction,Four,Â£15.06,In stock 
Eaternity: More than 150 ...,Nonfiction,Five,Â£51.75,In stock 
Buying In: The Secret ...,Nonfiction,Four,Â£37.80,In stock 
Brain on Fire: My ...,Nonfiction,Five,Â£49.32,In stock 
Abstract City,Nonfiction,Five,Â£56.37,In stock 
13 Hours: The Inside ...,Nonfiction,One,Â£27.06,In stock 
The Lonely City: Adventures ...,Nonfiction,Two,Â£33.26,In stock 
The Diary of a ...,Nonfiction,Three,Â£59.90,In stock 
Snatched: How A Drug ...,Nonfiction,Three,Â£21.21,In stock 
Furiously Happy: A Funny ...,Nonfiction,Four,Â£41.46,In stock 
The Sleep Revolution: Transforming ...,Nonfiction,Four,Â£11.68,In stock 
Mother, Can You Not?,Nonfiction,Five,Â£16.89,In stock 
A Mother's Reckoning: Living ...,Nonfiction,Three,Â£19.53,In stock 
10% Happier: How I ...,Nonfiction,Two,Â£24.57,In stock 
Chernobyl 01:23:40: The Incredible ...,Nonfiction,Two,Â£35.92,In stock 
Zero to One: Notes ...,Nonfiction,Three,Â£34.06,In stock 
Why Not Me?,Nonfiction,One,Â£17.76,In stock 
When Breath Becomes Air,Nonfiction,Two,Â£39.36,In stock 
The Midnight Assassin: Panic, ...,Nonfiction,Four,Â£28.45,In stock 
Smarter Faster Better: The ...,Nonfiction,Five,Â£38.89,In stock 
Rising Strong,Nonfiction,Three,Â£21.82,In stock 
Man's Search for Meaning,Nonfiction,Three,Â£29.48,In stock 
Love That Boy: What ...,Nonfiction,Two,Â£25.06,In stock 
Living Forward: A Proven ...,Nonfiction,Three,Â£12.55,In stock 
I Will Find You,Nonfiction,One,Â£44.21,In stock 
Brazen: The Courage to ...,Nonfiction,Two,Â£19.22,In stock 
Between the World and ...,Nonfiction,Four,Â£56.91,In stock 
Being Mortal: Medicine and ...,Nonfiction,Four,Â£55.06,In stock 
A Murder Over a ...,Nonfiction,Three,Â£13.20,In stock 
For the Love: Fighting ...,Nonfiction,Three,Â£45.13,In stock 
Finding God in the ...,Nonfiction,Two,Â£46.64,In stock 
The Man Who Mistook ...,Nonfiction,Four,Â£59.45,In stock 
In Cold Blood,Nonfiction,Four,Â£49.98,In stock 
Girl, Interrupted,Nonfiction,Three,Â£42.14,In stock 
Why Save the Bankers?: ...,Nonfiction,Two,Â£48.67,In stock 
Talking to Girls About ...,Nonfiction,Four,Â£25.15,In stock 
My Mother Was Nuts,Nonfiction,Four,Â£31.63,In stock 
Data, A Love Story: ...,Nonfiction,Three,Â£32.35,In stock 
The Jazz of Physics: ...,Nonfiction,Three,Â£38.71,In stock 
The Gunning of America: ...,Nonfiction,Four,Â£16.81,In stock 
The Geography of Bliss: ...,Nonfiction,Two,Â£28.23,In stock 
God Is Not Great: ...,Nonfiction,One,Â£27.80,In stock 
We the People: The ...,Nonfiction,Three,Â£31.95,In stock 
Very Good Lives: The ...,Nonfiction,Three,Â£50.66,In stock 
Unstuffed: Decluttering Your Home, ...,Nonfiction,One,Â£58.09,In stock 
Under the Banner of ...,Nonfiction,One,Â£30.00,In stock 
Trespassing Across America: One ...,Nonfiction,One,Â£53.51,In stock 
The Name of God ...,Nonfiction,Two,Â£37.25,In stock 
Stiff: The Curious Lives ...,Nonfiction,Three,Â£36.74,In stock 
Spilled Milk: Based on ...,Nonfiction,One,Â£49.51,In stock 
Rise of the Rocket ...,Nonfiction,Four,Â£41.67,In stock 
Outliers: The Story of ...,Nonfiction,One,Â£14.16,In stock 
Notes from a Small ...,Nonfiction,One,Â£40.17,In stock 
Night (The Night Trilogy ...,Nonfiction,One,Â£13.51,In stock 
Miracles from Heaven: A ...,Nonfiction,One,Â£57.83,In stock 
Letter to a Christian ...,Nonfiction,One,Â£22.20,In stock 
Let's Pretend This Never ...,Nonfiction,One,Â£45.11,In stock 
It's Never Too Late ...,Nonfiction,One,Â£42.38,In stock 
Into the Wild,Nonfiction,Five,Â£56.70,In stock 
In the Garden of ...,Nonfiction,Three,Â£28.85,In stock 
I Am Malala: The ...,Nonfiction,Two,Â£28.88,In stock 
Gratitude,Nonfiction,Five,Â£26.66,In stock 
Disrupted: My Misadventure in ...,Nonfiction,Five,Â£15.28,In stock 
Brave Enough,Nonfiction,Five,Â£51.32,In stock 
Born to Run: A ...,Nonfiction,Two,Â£27.35,In stock 
Blink: The Power of ...,Nonfiction,Five,Â£21.74,In stock 
Black Flags: The Rise ...,Nonfiction,One,Â£40.87,In stock 
Are We Smart Enough ...,Nonfiction,One,Â£56.58,In stock 
A Walk in the ...,Nonfiction,Four,Â£30.48,In stock 
The Suffragettes (Little Black ...,Nonfiction,Two,Â£11.89,In stock 
Kindle Paperwhite User's Guide,Nonfiction,Three,Â£34.00,In stock 
H is for Hawk,Nonfiction,Five,Â£57.42,In stock 
Travels with Charley: In ...,Nonfiction,Five,Â£57.82,In stock 
The Tumor,Nonfiction,Five,Â£41.56,In stock 
The End of the ...,Nonfiction,One,Â£14.40,In stock 
Eat, Pray, Love,Nonfiction,Three,Â£51.32,In stock 
Rip it Up and ...,Music,Five,Â£35.02,In stock 
Our Band Could Be ...,Music,Three,Â£57.25,In stock 
How Music Works,Music,Two,Â£37.32,In stock 
Love Is a Mix ...,Music,One,Â£18.03,In stock 
Please Kill Me: The ...,Music,Four,Â£31.19,In stock 
Kill 'Em and Leave: ...,Music,Five,Â£45.05,In stock 
Chronicles, Vol. 1,Music,Two,Â£52.60,In stock 
This Is Your Brain ...,Music,One,Â£38.40,In stock 
Orchestra of Exiles: The ...,Music,Three,Â£12.36,In stock 
No One Here Gets ...,Music,Five,Â£20.02,In stock 
Life,Music,Five,Â£31.58,In stock 
Old Records Never Die: ...,Music,Two,Â£55.66,In stock 
Forever Rockers (The Rocker ...,Music,Three,Â£28.80,In stock 
The Coming Woman: A ...,Default,Three,Â£17.93,In stock 
The Boys in the ...,Default,Four,Â£22.60,In stock 
Starving Hearts (Triangular Trade ...,Default,Two,Â£13.99,In stock 
America's Cradle of Quarterbacks: ...,Default,Three,Â£22.50,In stock 
Aladdin and His Wonderful ...,Default,Three,Â£53.13,In stock 
Penny Maybe,Default,Three,Â£33.29,In stock 
Maude (1883-1993):She Grew Up ...,Default,Two,Â£18.02,In stock 
The Inefficiency Assassin: Time ...,Default,Five,Â£20.59,In stock 
Soul Reader,Default,Two,Â£39.58,In stock 
Bossypants,Default,Two,Â£49.46,In stock 
A World of Flavor: ...,Default,One,Â£42.95,In stock 
A Piece of Sky, ...,Default,Five,Â£56.76,In stock 
Tracing Numbers on a ...,Default,Three,Â£41.60,In stock 
Thirteen Reasons Why,Default,One,Â£52.72,In stock 
The Secret (The Secret ...,Default,Four,Â£27.37,In stock 
The Psychopath Test: A ...,Default,Two,Â£36.00,In stock 
The Kite Runner,Default,Four,Â£41.82,In stock 
The Girl on the ...,Default,Two,Â£55.02,In stock 
The Emerald Mystery,Default,Two,Â£23.15,In stock 
The Bridge to Consciousness: ...,Default,Three,Â£32.00,In stock 
The Art of War,Default,Five,Â£33.34,In stock 
Secrets and Lace (Fatal ...,Default,One,Â£20.27,In stock 
Romero and Juliet: A ...,Default,One,Â£36.94,In stock 
Poses for Artists Volume ...,Default,One,Â£41.06,In stock 
Miss Peregrineâs Home for ...,Default,One,Â£10.76,In stock 
Large Print Heart of ...,Default,Two,Â£19.15,In stock 
Grumbles,Default,Two,Â£22.16,In stock 
First Steps for New ...,Default,One,Â£29.00,In stock 
Eureka Trivia 6.0,Default,Four,Â£54.59,In stock 
Drive: The Surprising Truth ...,Default,Four,Â£34.95,In stock 
Done Rubbed Out (Reightman ...,Default,Five,Â£37.72,In stock 
Beauty Restored (Riley Family ...,Default,Two,Â£11.11,In stock 
Ayumi's Violin,Default,Two,Â£15.48,In stock 
Anonymous,Default,Four,Â£46.82,In stock 
Amy Meets the Saints ...,Default,Three,Â£18.46,In stock 
Amatus,Default,Five,Â£50.54,In stock 
V for Vendetta (V ...,Default,Four,Â£37.10,In stock 
Unbroken: A World War ...,Default,Two,Â£45.95,In stock 
The Wright Brothers,Default,Four,Â£56.80,In stock 
The Songs of the ...,Default,Five,Â£44.48,In stock 
The Rosie Project (Don ...,Default,One,Â£54.04,In stock 
The Power of Habit: ...,Default,Three,Â£16.88,In stock 
Steve Jobs,Default,Five,Â£39.50,In stock 
Luckiest Girl Alive,Default,Three,Â£49.83,In stock 
Living Leadership by Insight: ...,Default,Four,Â£46.91,In stock 
Lady Midnight (The Dark ...,Default,Five,Â£16.28,In stock 
Hush, Hush (Hush, Hush ...,Default,Three,Â£47.02,In stock 
Greek Mythic History,Default,Five,Â£10.23,In stock 
Every Last Word,Default,Three,Â£46.47,In stock 
Daily Fantasy Sports,Default,One,Â£36.58,In stock 
Clockwork Angel (The Infernal ...,Default,One,Â£44.14,In stock 
City of Fallen Angels ...,Default,Four,Â£11.23,In stock 
City of Bones (The ...,Default,One,Â£43.28,In stock 
City of Ashes (The ...,Default,One,Â£47.27,In stock 
Carry On, Warrior: Thoughts ...,Default,Three,Â£31.85,In stock 
Carrie,Default,Two,Â£46.23,In stock 
Angels & Demons (Robert ...,Default,Three,Â£51.48,In stock 
The Three Searches, Meaning, ...,Default,Three,Â£13.33,In stock 
Raspberry Pi Electronics Projects ...,Default,Four,Â£49.67,In stock 
How to Speak Golf: ...,Default,Five,Â£58.32,In stock 
Eleanor & Park,Default,Five,Â£56.51,In stock 
Troublemaker: Surviving Hollywood and ...,Default,Two,Â£48.39,In stock 
Adultery,Default,Five,Â£20.88,In stock 
Unlimited Intuition Now,Default,Four,Â£58.87,In stock 
Underlying Notes,Default,Two,Â£11.82,In stock 
The New Brand You: ...,Default,Five,Â£44.05,In stock 
The Flowers Lied,Default,Two,Â£16.68,In stock 
NaNo What Now? Finding ...,Default,Four,Â£10.41,In stock 
Modern Day Fables,Default,Two,Â£47.44,In stock 
The Unlikely Pilgrimage of ...,Default,Five,Â£43.62,In stock 
The Martian (The Martian ...,Default,Two,Â£41.39,In stock 
Left Behind (Left Behind ...,Default,Two,Â£40.72,In stock 
John Vassos: Industrial Design ...,Default,Four,Â£20.22,In stock 
I'll Give You the ...,Default,One,Â£56.48,In stock 
Heaven is for Real: ...,Default,Two,Â£52.86,In stock 
Ender's Game (The Ender ...,Default,One,Â£43.64,In stock 
Death by Leisure: A ...,Default,Four,Â£37.51,In stock 
Wildlife of New York: ...,Default,Two,Â£22.14,In stock 
The Year of Living ...,Default,One,Â£34.72,In stock 
The Great Gatsby,Default,Four,Â£36.05,In stock 
The Good Girl,Default,Three,Â£49.03,In stock 
The 7 Habits of ...,Default,Four,Â£33.17,In stock 
Steal Like an Artist: ...,Default,Two,Â£20.90,In stock 
Life of Pi,Default,Four,Â£13.22,In stock 
The Sound Of Love,Default,Five,Â£57.84,In stock 
The Perks of Being ...,Default,Three,Â£55.02,In stock 
The Makings of a ...,Default,Two,Â£31.58,In stock 
The Hobbit (Middle-Earth Universe),Default,Five,Â£17.80,In stock 
The Fellowship of the ...,Default,Two,Â£10.27,In stock 
Ship Leaves Harbor: Essays ...,Default,Three,Â£30.60,In stock 
Musicophilia: Tales of Music ...,Default,One,Â£46.58,In stock 
What If?: Serious Scientific ...,Default,Four,Â£53.68,In stock 
The Fault in Our ...,Default,One,Â£47.22,In stock 
The Dream Thieves (The ...,Default,One,Â£34.50,In stock 
The 5th Wave (The ...,Default,Two,Â£11.83,In stock 
Shiver (The Wolves of ...,Default,Five,Â£16.23,In stock 
Remember Me?,Default,Three,Â£11.48,In stock 
If I Stay (If ...,Default,Five,Â£38.13,In stock 
I Know Why the ...,Default,Two,Â£36.55,In stock 
Harry Potter and the ...,Default,One,Â£23.32,In stock 
Fool Me Once,Default,One,Â£16.96,In stock 
Drama,Default,Two,Â£38.70,In stock 
Blue Lily, Lily Blue ...,Default,Five,Â£34.13,In stock 
Alight (The Generations Trilogy ...,Default,Four,Â£58.59,In stock 
Vogue Colors A to ...,Default,Four,Â£52.35,In stock 
The Shining (The Shining ...,Default,Three,Â£27.88,In stock 
The Hunger Games (The ...,Default,Five,Â£29.85,In stock 
Outlander (Outlander #1),Default,Five,Â£19.67,In stock 
Mockingjay (The Hunger Games ...,Default,Four,Â£20.44,In stock 
Harry Potter and the ...,Default,Three,Â£13.90,In stock 
Confessions of a Shopaholic ...,Default,Two,Â£48.94,In stock 
Zero History (Blue Ant ...,Default,One,Â£34.77,In stock 
World War Z: An ...,Default,One,Â£21.80,In stock 
Wild: From Lost to ...,Default,Three,Â£46.02,In stock 
Where'd You Go, Bernadette,Default,One,Â£18.13,In stock 
Twilight (Twilight #1),Default,Two,Â£41.93,In stock 
The Paris Wife,Default,Three,Â£36.80,In stock 
The Maze Runner (The ...,Default,One,Â£20.93,In stock 
The Lover's Dictionary,Default,Two,Â£58.09,In stock 
The Goldfinch,Default,Three,Â£43.58,In stock 
The Giver (The Giver ...,Default,One,Â£12.30,In stock 
The Girl Who Played ...,Default,Two,Â£22.14,In stock 
The Demon-Haunted World: Science ...,Default,Four,Â£52.25,In stock 
The Book Thief,Default,Two,Â£53.49,In stock 
The Autobiography of Malcolm ...,Default,Two,Â£23.43,In stock 
Shopaholic & Baby (Shopaholic ...,Default,Two,Â£46.45,In stock 
Quiet: The Power of ...,Default,One,Â£43.55,In stock 
Packing for Mars: The ...,Default,Two,Â£56.68,In stock 
Orange Is the New ...,Default,Two,Â£24.61,In stock 
One for the Money ...,Default,Two,Â£32.87,In stock 
Morning Star (Red Rising ...,Default,One,Â£29.40,In stock 
Life After Life,Default,Two,Â£26.13,In stock 
Lean In: Women, Work, ...,Default,One,Â£25.02,In stock 
Is Everyone Hanging Out ...,Default,Three,Â£20.11,In stock 
Gone Girl,Default,Five,Â£37.60,In stock 
Fellside,Default,One,Â£38.62,In stock 
Eclipse (Twilight #3),Default,One,Â£18.74,In stock 
Dracula,Default,Three,Â£52.62,In stock 
Dead Wake: The Last ...,Default,Five,Â£39.24,In stock 
David and Goliath: Underdogs, ...,Default,One,Â£17.81,In stock 
Dark Places,Default,Five,Â£23.90,In stock 
Breaking Dawn (Twilight #4),Default,Five,Â£35.28,In stock 
Beautiful Creatures (Caster Chronicles ...,Default,Five,Â£21.55,In stock 
A Visit from the ...,Default,Five,Â£14.08,In stock 
The Zombie Room,Default,Five,Â£19.69,In stock 
The Name of the ...,Default,Three,Â£50.59,In stock 
Taking Shots (Assassins #1),Default,Two,Â£18.88,In stock 
Shatter Me (Shatter Me ...,Default,One,Â£42.40,In stock 
Paradise Lost (Paradise #1),Default,One,Â£24.96,In stock 
On the Road (Duluoz ...,Default,Three,Â£32.36,In stock 
Jane Eyre,Default,Five,Â£38.43,In stock 
Frankenstein,Default,Two,Â£38.00,In stock 
Mesaerion: The Best Science ...,Science Fiction,One,Â£37.59,In stock 
Join,Science Fiction,Five,Â£35.67,In stock 
William Shakespeare's Star Wars: ...,Science Fiction,Four,Â£43.30,In stock 
The Project,Science Fiction,One,Â£10.65,In stock 
Soft Apocalypse,Science Fiction,Two,Â£26.12,In stock 
Sleeping Giants (Themis Files ...,Science Fiction,One,Â£48.74,In stock 
Arena,Science Fiction,Four,Â£21.36,In stock 
Foundation (Foundation (Publication Order) ...,Science Fiction,One,Â£32.42,In stock 
The Restaurant at the ...,Science Fiction,One,Â£10.92,In stock 
Ready Player One,Science Fiction,Four,Â£19.07,In stock 
Life, the Universe and ...,Science Fiction,Two,Â£33.26,In stock 
Dune (Dune #1),Science Fiction,One,Â£54.86,In stock 
Do Androids Dream of ...,Science Fiction,One,Â£51.48,In stock 
Three Wishes (River of ...,Science Fiction,Two,Â£44.18,In stock 
The Last Girl (The ...,Science Fiction,Two,Â£36.26,In stock 
Having the Barbarian's Baby ...,Science Fiction,Four,Â£34.96,In stock 
The Book of Basketball: ...,Sports and Games,Five,Â£44.84,In stock 
Friday Night Lights: A ...,Sports and Games,Three,Â£51.22,In stock 
Sugar Rush (Offensive Line ...,Sports and Games,One,Â£24.42,In stock 
Settling the Score (The ...,Sports and Games,Two,Â£44.91,In stock 
Icing (Aces Hockey #2),Sports and Games,Four,Â£40.44,In stock 
The Torch Is Passed: ...,Add a comment,One,Â£19.09,In stock 
The Mindfulness and Acceptance ...,Add a comment,Four,Â£23.89,In stock 
The Art Forger,Add a comment,Three,Â£40.76,In stock 
On a Midnight Clear,Add a comment,Three,Â£14.07,In stock 
Judo: Seven Steps to ...,Add a comment,Two,Â£53.90,In stock 
Shobu Samurai, Project Aryoku ...,Add a comment,Three,Â£29.06,In stock 
Modern Romance,Add a comment,Five,Â£28.26,In stock 
The White Queen (The ...,Add a comment,Five,Â£25.91,In stock 
The Song of Achilles,Add a comment,Five,Â£37.40,In stock 
The Immortal Life of ...,Add a comment,Two,Â£40.67,In stock 
The Dovekeepers,Add a comment,One,Â£48.78,In stock 
More Than Music (Chasing ...,Add a comment,Two,Â£37.61,In stock 
Code Name Verity (Code ...,Add a comment,Four,Â£22.13,In stock 
Cell,Add a comment,Four,Â£20.29,In stock 
Angels Walking (Angels Walking ...,Add a comment,Two,Â£34.20,In stock 
A Series of Catastrophes ...,Add a comment,Two,Â£56.48,In stock 
A People's History of ...,Add a comment,Two,Â£40.79,In stock 
A Brush of Wings ...,Add a comment,One,Â£55.51,In stock 
Rook,Add a comment,Four,Â£37.86,In stock 
The Midnight Watch: A ...,Add a comment,One,Â£26.20,In stock 
The Gray Rhino: How ...,Add a comment,Four,Â£59.15,In stock 
The Children,Add a comment,Three,Â£11.88,In stock 
One with You (Crossfire ...,Add a comment,Four,Â£15.71,In stock 
Without Shame,Add a comment,Five,Â£48.27,In stock 
Watchmen,Add a comment,Four,Â£58.05,In stock 
A Hero's Curse (The ...,Add a comment,Three,Â£50.49,In stock 
23 Degrees South: A ...,Add a comment,Two,Â£35.79,In stock 
The Glass Castle,Add a comment,One,Â£16.24,In stock 
The Drowning Girls,Add a comment,Three,Â£35.67,In stock 
Team of Rivals: The ...,Add a comment,Five,Â£20.12,In stock 
John Adams,Add a comment,Four,Â£57.43,In stock 
Good in Bed (Cannie ...,Add a comment,Five,Â£37.05,In stock 
The Joy of Cooking,Add a comment,Four,Â£43.27,In stock 
The Golden Compass (His ...,Add a comment,One,Â£18.77,In stock 
The God Delusion,Add a comment,Three,Â£46.85,In stock 
Pride and Prejudice,Add a comment,Four,Â£19.27,In stock 
Mere Christianity,Add a comment,Three,Â£48.51,In stock 
Fun Home: A Family ...,Add a comment,Four,Â£56.59,In stock 
The Raven King (The ...,Add a comment,Two,Â£30.57,In stock 
Find Her (Detective D.D. ...,Add a comment,One,Â£22.37,In stock 
Evicted: Poverty and Profit ...,Add a comment,One,Â£42.27,In stock 
A Game of Thrones ...,Add a comment,Two,Â£46.42,In stock 
A Clash of Kings ...,Add a comment,Three,Â£10.79,In stock 
The Tipping Point: How ...,Add a comment,Two,Â£10.02,In stock 
The Rest Is Noise: ...,Add a comment,One,Â£34.77,In stock 
The Purpose Driven Life: ...,Add a comment,Three,Â£37.19,In stock 
The Hitchhiker's Guide to ...,Add a comment,Three,Â£47.80,In stock 
The Girl Who Kicked ...,Add a comment,One,Â£57.48,In stock 
The End of Faith: ...,Add a comment,Four,Â£22.13,In stock 
The Complete Poems,Add a comment,Five,Â£41.32,In stock 
The Catcher in the ...,Add a comment,One,Â£24.55,In stock 
The Case for Christ ...,Add a comment,One,Â£47.84,In stock 
The Blind Side: Evolution ...,Add a comment,Five,Â£53.71,In stock 
Seven Days in the ...,Add a comment,Two,Â£52.33,In stock 
Sarah's Key,Add a comment,One,Â£46.29,In stock 
Rogue Lawyer (Rogue Lawyer ...,Add a comment,Three,Â£50.11,In stock 
Manuscript Found in Accra,Add a comment,Two,Â£34.98,In stock 
Fire Bound (Sea Haven/Sisters ...,Add a comment,Four,Â£21.28,In stock 
Cosmos,Add a comment,Two,Â£36.17,In stock 
#GIRLBOSS,Add a comment,One,Â£50.96,In stock 
The Sense of an ...,Add a comment,Three,Â£31.38,In stock 
The Republic,Add a comment,Three,Â£33.78,In stock 
The Odyssey,Add a comment,Three,Â£29.64,In stock 
The Light of the ...,Add a comment,One,Â£54.43,In stock 
The Iliad,Add a comment,One,Â£16.16,In stock 
The Communist Manifesto,Add a comment,Three,Â£14.76,In stock 
Lord of the Flies,Add a comment,Three,Â£24.89,In stock 
Unicorn Tracks,Fantasy,Three,Â£18.78,In stock 
Saga, Volume 6 (Saga ...,Fantasy,Three,Â£25.02,In stock 
Princess Between Worlds (Wide-Awake ...,Fantasy,Five,Â£13.34,In stock 
Masks and Shadows,Fantasy,Two,Â£56.40,In stock 
Crown of Midnight (Throne ...,Fantasy,Three,Â£43.29,In stock 
Avatar: The Last Airbender: ...,Fantasy,Two,Â£28.09,In stock 
A Court of Thorns ...,Fantasy,One,Â£52.37,In stock 
Throne of Glass (Throne ...,Fantasy,Three,Â£35.07,In stock 
The Glittering Court (The ...,Fantasy,One,Â£44.28,In stock 
Hollow City (Miss Peregrineâs ...,Fantasy,One,Â£42.98,In stock 
The Star-Touched Queen,Fantasy,Five,Â£46.02,In stock 
The Hidden Oracle (The ...,Fantasy,Two,Â£52.26,In stock 
The Bane Chronicles (The ...,Fantasy,Four,Â£44.73,In stock 
Island of Dragons (Unwanteds ...,Fantasy,One,Â£29.65,In stock 
Demigods & Magicians: Percy ...,Fantasy,Five,Â£37.51,In stock 
City of Glass (The ...,Fantasy,Four,Â£56.02,In stock 
Searching for Meaning in ...,Fantasy,One,Â£38.73,In stock 
The Star-Touched Queen,Fantasy,Five,Â£32.30,In stock 
A Shard of Ice ...,Fantasy,Three,Â£56.63,In stock 
King's Folly (The Kinsman ...,Fantasy,Five,Â£39.61,In stock 
Every Heart a Doorway ...,Fantasy,Five,Â£12.16,In stock 
A Gathering of Shadows ...,Fantasy,Four,Â£44.81,In stock 
The Raven Boys (The ...,Fantasy,Four,Â£57.74,In stock 
The False Prince (The ...,Fantasy,Five,Â£56.00,In stock 
Tell the Wind and ...,Fantasy,Three,Â£45.51,In stock 
A Feast for Crows ...,Fantasy,Four,Â£17.21,In stock 
The Demonists (Demonist #1),Fantasy,Two,Â£52.11,In stock 
The Beast (Black Dagger ...,Fantasy,Five,Â£46.08,In stock 
Paper and Fire (The ...,Fantasy,Five,Â£49.45,In stock 
Harry Potter and the ...,Fantasy,Four,Â£31.63,In stock 
Harry Potter and the ...,Fantasy,Five,Â£48.75,In stock 
Harry Potter and the ...,Fantasy,One,Â£14.74,In stock 
The Rose & the ...,Fantasy,Four,Â£58.64,In stock 
Soldier (Talon #3),Fantasy,Two,Â£24.72,In stock 
Midnight Riot (Peter Grant/ ...,Fantasy,Two,Â£55.46,In stock 
Heir to the Sky,Fantasy,Four,Â£44.07,In stock 
Eragon (The Inheritance Cycle ...,Fantasy,Three,Â£43.87,In stock 
Darkfever (Fever #1),Fantasy,One,Â£56.02,In stock 
Ash,Fantasy,Four,Â£22.06,In stock 
A Storm of Swords ...,Fantasy,Two,Â£31.22,In stock 
Vampire Girl (Vampire Girl ...,Fantasy,Two,Â£53.82,In stock 
The Silent Twin (Detective ...,Fantasy,Three,Â£36.25,In stock 
The Mirror & the ...,Fantasy,One,Â£29.38,In stock 
Sister Sable (The Mad ...,Fantasy,Three,Â£13.33,In stock 
Shadow Rites (Jane Yellowrock ...,Fantasy,Four,Â£21.72,In stock 
Origins (Alphas 0.5),Fantasy,One,Â£28.99,In stock 
One Second (Seven #7),Fantasy,Two,Â£52.94,In stock 
Myriad (Prentor #1),Fantasy,Four,Â£58.75,In stock 
Without Borders (Wanderlove #1),New Adult,Two,Â£45.07,In stock 
The Mistake (Off-Campus #2),New Adult,Three,Â£43.29,In stock 
The Matchmaker's Playbook (Wingmen ...,New Adult,One,Â£55.85,In stock 
The Hook Up (Game ...,New Adult,Five,Â£36.29,In stock 
Shameless,New Adult,Three,Â£58.35,In stock 
Off Sides (Off #1),New Adult,Five,Â£39.45,In stock 
The Requiem Red,Young Adult,One,Â£22.65,In stock 
Set Me Free,Young Adult,Five,Â£17.46,In stock 
The Natural History of ...,Young Adult,Three,Â£45.22,In stock 
Obsidian (Lux #1),Young Adult,Two,Â£14.86,In stock 
Burning,Young Adult,Three,Â£28.81,In stock 
A Fierce and Subtle ...,Young Adult,Four,Â£28.13,In stock 
Scarlett Epstein Hates It ...,Young Adult,Five,Â£43.55,In stock 
Nightingale, Sing,Young Adult,One,Â£38.28,In stock 
Library of Souls (Miss ...,Young Adult,Five,Â£48.56,In stock 
Frostbite (Vampire Academy #2),Young Adult,Five,Â£29.99,In stock 
Wild Swans,Young Adult,Two,Â£14.36,In stock 
Until Friday Night (The ...,Young Adult,Two,Â£46.31,In stock 
This Is Where It ...,Young Adult,Two,Â£27.12,In stock 
The Darkest Lie,Young Adult,Five,Â£35.35,In stock 
My Kind of Crazy,Young Adult,One,Â£40.36,In stock 
Don't Get Caught,Young Adult,One,Â£55.35,In stock 
Catching Jordan (Hundred Oaks),Young Adult,Three,Â£50.83,In stock 
Aristotle and Dante Discover ...,Young Adult,Four,Â£58.14,In stock 
The Epidemic (The Program ...,Young Adult,Five,Â£14.44,In stock 
Stars Above (The Lunar ...,Young Adult,Two,Â£48.05,In stock 
No Love Allowed (Dodge ...,Young Adult,Four,Â£54.65,In stock 
Exit, Pursued by a ...,Young Adult,Four,Â£51.34,In stock 
The Alien Club,Young Adult,One,Â£54.40,In stock 
Don't Forget Steven,Young Adult,One,Â£33.23,In stock 
South of Sunshine,Young Adult,One,Â£28.93,In stock 
My Life Next Door ...,Young Adult,Five,Â£36.39,In stock 
Future Shock (Future Shock ...,Young Adult,Five,Â£55.65,In stock 
Nightstruck: A Novel,Young Adult,Four,Â£50.35,In stock 
Tell the Wolves I'm ...,Young Adult,Two,Â£50.96,In stock 
Will Grayson, Will Grayson ...,Young Adult,Four,Â£47.31,In stock 
Where She Went (If ...,Young Adult,Four,Â£41.73,In stock 
Two Summers,Young Adult,One,Â£14.64,In stock 
The Darkest Corners,Young Adult,Five,Â£11.33,In stock 
Tell Me Three Things,Young Adult,One,Â£41.81,In stock 
Lola and the Boy ...,Young Adult,Four,Â£23.63,In stock 
Kill the Boy Band,Young Adult,Five,Â£15.52,In stock 
Isla and the Happily ...,Young Adult,Five,Â£48.13,In stock 
An Abundance of Katherines,Young Adult,Five,Â£10.00,In stock 
Harry Potter and the ...,Young Adult,Four,Â£24.17,In stock 
Walk the Edge (Thunder ...,Young Adult,Three,Â£32.36,In stock 
Two Boys Kissing,Young Adult,Two,Â£32.74,In stock 
The New Guy (and ...,Young Adult,Three,Â£44.92,In stock 
The Land of 10,000 ...,Young Adult,Four,Â£29.64,In stock 
Scarlet (The Lunar Chronicles ...,Young Adult,Four,Â£14.57,In stock 
Legend (Legend #1),Young Adult,Four,Â£43.69,In stock 
Lady Renegades (Rebel Belle ...,Young Adult,Five,Â£53.04,In stock 
Golden (Heart of Dread ...,Young Adult,Four,Â£42.21,In stock 
Cinder (The Lunar Chronicles ...,Young Adult,One,Â£26.09,In stock 
Boy Meets Boy,Young Adult,Three,Â£21.12,In stock 
Annie on My Mind,Young Adult,Five,Â£36.83,In stock 
New Moon (Twilight #2),Young Adult,Four,Â£12.86,In stock 
Girl Online On Tour ...,Young Adult,One,Â£53.47,In stock 
The Haters,Young Adult,Five,Â£27.89,In stock 
The Art of Not ...,Young Adult,Four,Â£40.83,In stock 
The Most Perfect Thing: ...,Science,Four,Â£42.96,In stock 
Immunity: How Elie Metchnikoff ...,Science,Five,Â£57.36,In stock 
Sorting the Beef from ...,Science,Four,Â£44.74,In stock 
Tipping Point for Planet ...,Science,One,Â£37.55,In stock 
The Fabric of the ...,Science,One,Â£55.91,In stock 
Diary of a Citizen ...,Science,One,Â£28.41,In stock 
The Origin of Species,Science,Four,Â£10.01,In stock 
The Grand Design,Science,Three,Â£13.76,In stock 
Peak: Secrets from the ...,Science,Two,Â£16.28,In stock 
The Elegant Universe: Superstrings, ...,Science,Four,Â£13.03,In stock 
The Disappearing Spoon: And ...,Science,Five,Â£57.35,In stock 
Surely You're Joking, Mr. ...,Science,Two,Â£25.83,In stock 
Seven Brief Lessons on ...,Science,Four,Â£30.60,In stock 
The Selfish Gene,Science,One,Â£29.45,In stock 
A Light in the ...,Poetry,Three,Â£51.77,In stock 
The Black Maria,Poetry,One,Â£52.15,In stock 
Shakespeare's Sonnets,Poetry,Four,Â£20.66,In stock 
Olio,Poetry,One,Â£23.88,In stock 
You can't bury them ...,Poetry,Two,Â£33.63,In stock 
Slow States of Collapse: ...,Poetry,Three,Â£57.31,In stock 
Untitled Collection: Sabbath Poems ...,Poetry,Four,Â£14.27,In stock 
Poems That Make Grown ...,Poetry,Four,Â£14.19,In stock 
Night Sky with Exit ...,Poetry,One,Â£41.05,In stock 
salt.,Poetry,Four,Â£46.78,In stock 
Quarter Life Poetry: Poems ...,Poetry,Five,Â£50.89,In stock 
Out of Print: City ...,Poetry,Five,Â£53.64,In stock 
Les Fleurs du Mal,Poetry,Five,Â£29.04,In stock 
Howl and Other Poems,Poetry,Two,Â£40.45,In stock 
Leave This Song Behind: ...,Poetry,Five,Â£51.17,In stock 
The Collected Poems of ...,Poetry,Five,Â£15.42,In stock 
The Crossover,Poetry,Four,Â£38.77,In stock 
Booked,Poetry,Five,Â£17.49,In stock 
Twenty Love Poems and ...,Poetry,Four,Â£30.95,In stock 
Vampire Knight, Vol. 1 ...,Paranormal,One,Â£15.40,In stock 
Wall and Piece,Art,Four,Â£44.18,In stock 
Feathers: Displays of Brilliant ...,Art,Three,Â£49.05,In stock 
Art and Fear: Observations ...,Art,Four,Â£48.63,In stock 
The New Drawing on ...,Art,Three,Â£43.02,In stock 
History of Beauty,Art,Four,Â£10.29,In stock 
The Story of Art,Art,Four,Â£41.14,In stock 
The Art Book,Art,Two,Â£32.34,In stock 
Ways of Seeing,Art,Five,Â£39.51,In stock 
The Lucifer Effect: Understanding ...,Psychology,One,Â£10.40,In stock 
The Golden Condom: And ...,Psychology,One,Â£39.43,In stock 
It Didn't Start with ...,Psychology,Three,Â£56.27,In stock 
An Unquiet Mind: A ...,Psychology,Three,Â£21.30,In stock 
Thinking, Fast and Slow,Psychology,One,Â£21.14,In stock 
Civilization and Its Discontents,Psychology,Two,Â£59.95,In stock 
8 Keys to Mental ...,Psychology,One,Â£31.04,In stock 
The Argonauts,Autobiography,Two,Â£10.93,In stock 
M Train,Autobiography,One,Â£27.18,In stock 
Lab Girl,Autobiography,One,Â£40.85,In stock 
Approval Junkie: Adventures in ...,Autobiography,Five,Â£58.81,In stock 
Running with Scissors,Autobiography,Four,Â£12.91,In stock 
Me Talk Pretty One ...,Autobiography,Two,Â£57.60,In stock 
Lust & Wonder,Autobiography,Two,Â£11.87,In stock 
Life Without a Recipe,Autobiography,Five,Â£59.04,In stock 
A Heartbreaking Work of ...,Autobiography,Five,Â£54.29,In stock 
Catastrophic Happiness: Finding Joy ...,Parenting,Two,Â£37.35,In stock 
Fifty Shades Freed (Fifty ...,Adult Fiction,Five,Â£15.36,In stock 
The Long Haul (Diary ...,Humor,One,Â£44.07,In stock 
Old School (Diary of ...,Humor,Five,Â£11.83,In stock 
I Know What I'm ...,Humor,Four,Â£25.98,In stock 
Hyperbole and a Half: ...,Humor,Five,Â£14.75,In stock 
Dress Your Family in ...,Humor,Three,Â£43.68,In stock 
Toddlers Are A**holes: It's ...,Humor,One,Â£25.55,In stock 
When You Are Engulfed ...,Humor,Five,Â£30.89,In stock 
Naked,Humor,Three,Â£31.69,In stock 
Lamb: The Gospel According ...,Humor,Five,Â£55.50,In stock 
Holidays on Ice,Humor,Two,Â£51.07,In stock 
Security,Horror,Two,Â£39.25,In stock 
Follow You Home,Horror,One,Â£21.36,In stock 
The Loney,Horror,One,Â£23.40,In stock 
Pet Sematary,Horror,Three,Â£10.56,In stock 
Doctor Sleep (The Shining ...,Horror,Two,Â£40.12,In stock 
Psycho: Sanitarium (Psycho #1.5),Horror,Five,Â£36.97,In stock 
Can You Keep a ...,Horror,One,Â£48.64,In stock 
Red Dragon (Hannibal Lecter ...,Horror,Three,Â£23.37,In stock 
Dracula the Un-Dead,Horror,Five,Â£35.63,In stock 
Night Shift (Night Shift ...,Horror,Four,Â£12.75,In stock 
Needful Things,Horror,Four,Â£47.51,In stock 
Misery,Horror,Two,Â£34.79,In stock 
It,Horror,Three,Â£25.01,In stock 
'Salem's Lot,Horror,Four,Â£49.56,In stock 
The Stand,Horror,Two,Â£57.86,In stock 
The Girl with All ...,Horror,Three,Â£49.47,In stock 
House of Leaves,Horror,One,Â£54.89,In stock 
Sapiens: A Brief History ...,History,Five,Â£54.23,In stock 
Unbound: How Eight Technologies ...,History,One,Â£25.52,In stock 
The Age of Genius: ...,History,One,Â£19.73,In stock 
Political Suicide: Missteps, Peccadilloes, ...,History,Two,Â£36.28,In stock 
Thomas Jefferson and the ...,History,One,Â£59.64,In stock 
Zealot: The Life and ...,History,Three,Â£24.70,In stock 
A Distant Mirror: The ...,History,Three,Â£14.58,In stock 
1491: New Revelations of ...,History,Three,Â£21.80,In stock 
Brilliant Beacons: A History ...,History,Three,Â£11.45,In stock 
"Most Blessed of the ...,History,Five,Â£44.48,In stock 
A Short History of ...,History,Five,Â£52.40,In stock 
The Rise and Fall ...,History,Two,Â£39.67,In stock 
Catherine the Great: Portrait ...,History,Four,Â£58.55,In stock 
The Mathews Men: Seven ...,History,Five,Â£42.91,In stock 
The Hiding Place,History,Four,Â£55.91,In stock 
America's War for the ...,History,Two,Â£51.22,In stock 
The Guns of August,History,Two,Â£14.54,In stock 
House of Lost Worlds: ...,History,Two,Â£43.70,In stock 
Foolproof Preserving: A Guide ...,Food and Drink,Three,Â£30.52,In stock 
The Pioneer Woman Cooks: ...,Food and Drink,One,Â£56.41,In stock 
My Paris Kitchen: Recipes ...,Food and Drink,Two,Â£33.37,In stock 
Mama Tried: Traditional Italian ...,Food and Drink,Four,Â£14.02,In stock 
Layered: Baking, Building, and ...,Food and Drink,One,Â£40.11,In stock 
The Nerdy Nummies Cookbook: ...,Food and Drink,Five,Â£37.34,In stock 
The Love and Lemons ...,Food and Drink,Two,Â£37.60,In stock 
The Cookies & Cups ...,Food and Drink,One,Â£41.25,In stock 
Deliciously Ella Every Day: ...,Food and Drink,Three,Â£42.16,In stock 
The Help Yourself Cookbook ...,Food and Drink,Three,Â£28.77,In stock 
It's All Easy: Healthy, ...,Food and Drink,One,Â£19.55,In stock 
Barefoot Contessa Back to ...,Food and Drink,One,Â£28.01,In stock 
Barefoot Contessa at Home: ...,Food and Drink,Five,Â£50.62,In stock 
My Kitchen Year: 136 ...,Food and Drink,Two,Â£11.53,In stock 
Everyday Italian: 125 Simple ...,Food and Drink,Five,Â£20.10,In stock 
A la Mode: 120 ...,Food and Drink,One,Â£38.77,In stock 
Cravings: Recipes for What ...,Food and Drink,Three,Â£20.50,In stock 
The Moosewood Cookbook: Recipes ...,Food and Drink,Four,Â£12.34,In stock 
32 Yolks,Food and Drink,Two,Â£53.63,In stock 
Naturally Lean: 125 Nourishing ...,Food and Drink,Five,Â£11.38,In stock 
How to Cook Everything ...,Food and Drink,Four,Â£46.01,In stock 
How to Be a ...,Food and Drink,Two,Â£28.25,In stock 
The Barefoot Contessa Cookbook,Food and Drink,Five,Â£59.92,In stock 
Better Homes and Gardens ...,Food and Drink,Three,Â£39.61,In stock 
The Power Greens Cookbook: ...,Food and Drink,Five,Â£11.05,In stock 
Mexican Today: New and ...,Food and Drink,Five,Â£24.91,In stock 
Vegan Vegetarian Omnivore: Dinner ...,Food and Drink,Two,Â£13.66,In stock 
The Smitten Kitchen Cookbook,Food and Drink,One,Â£23.59,In stock 
The Art of Simple ...,Food and Drink,Three,Â£34.32,In stock 
Hungry Girl Clean & ...,Food and Drink,Three,Â£33.14,In stock 
Redeeming Love,Christian Fiction,Five,Â£20.47,In stock 
Close to You,Christian Fiction,Four,Â£49.46,In stock 
Shadows of the Past ...,Christian Fiction,Five,Â£39.67,In stock 
Like Never Before (Walker ...,Christian Fiction,Two,Â£28.77,In stock 
Counted With the Stars ...,Christian Fiction,Five,Â£17.97,In stock 
If I Run (If ...,Christian Fiction,Four,Â£49.97,In stock 
The Dirty Little Secrets ...,Business,Four,Â£33.34,In stock 
The Third Wave: An ...,Business,Five,Â£12.61,In stock 
The 10% Entrepreneur: Live ...,Business,Three,Â£27.55,In stock 
Shoe Dog: A Memoir ...,Business,Two,Â£23.99,In stock 
Made to Stick: Why ...,Business,Five,Â£38.85,In stock 
Quench Your Own Thirst: ...,Business,One,Â£43.14,In stock 
The Art of Startup ...,Business,Three,Â£21.00,In stock 
Born for This: How ...,Business,Five,Â£21.59,In stock 
The E-Myth Revisited: Why ...,Business,One,Â£36.91,In stock 
Rich Dad, Poor Dad,Business,One,Â£51.74,In stock 
The Lean Startup: How ...,Business,Three,Â£33.92,In stock 
Rework,Business,Two,Â£44.88,In stock 
Louisa: The Extraordinary Life ...,Biography,Two,Â£16.85,In stock 
Setting the World on ...,Biography,Two,Â£21.15,In stock 
The Faith of Christopher ...,Biography,One,Â£39.55,In stock 
Benjamin Franklin: An American ...,Biography,Three,Â£48.19,In stock 
The Rise of Theodore ...,Biography,Three,Â£42.57,In stock 
In Her Wake,Thriller,One,Â£12.84,In stock 
The Elephant Tree,Thriller,Five,Â£23.82,In stock 
Behind Closed Doors,Thriller,Four,Â£52.22,In stock 
You (You #1),Thriller,Five,Â£43.61,In stock 
The Guilty (Will Robie ...,Thriller,Two,Â£13.82,In stock 
The 14th Colony (Cotton ...,Thriller,One,Â£39.24,In stock 
Give It Back,Thriller,Two,Â£18.32,In stock 
Killing Floor (Jack Reacher ...,Thriller,Four,Â£31.49,In stock 
The Bone Hunters (Lexy ...,Thriller,Three,Â£59.71,In stock 
Far From True (Promise ...,Thriller,Two,Â£34.93,In stock 
The Travelers,Thriller,One,Â£15.77,In stock 
When We Collided,Contemporary,One,Â£31.77,In stock 
Someone Like You (The ...,Contemporary,Five,Â£52.79,In stock 
We Are All Completely ...,Contemporary,One,Â£24.04,In stock 
The Four Agreements: A ...,Spirituality,Five,Â£17.66,In stock 
The Activist's Tao Te ...,Spirituality,Five,Â£32.24,In stock 
Chasing Heaven: What Dying ...,Spirituality,Two,Â£37.80,In stock 
If I Gave You ...,Spirituality,One,Â£20.91,In stock 
Unreasonable Hope: Finding Faith ...,Spirituality,Two,Â£46.33,In stock 
A New Earth: Awakening ...,Spirituality,Five,Â£55.65,In stock 
Logan Kade (Fallen Crest ...,Academic,Two,Â£13.12,In stock 
Online Marketing for Busy ...,Self Help,One,Â£46.35,In stock 
How to Be Miserable: ...,Self Help,One,Â£46.03,In stock 
Overload: How to Unplug, ...,Self Help,Three,Â£52.15,In stock 
You Are a Badass: ...,Self Help,Three,Â£12.08,In stock 
How to Stop Worrying ...,Self Help,Five,Â£46.49,In stock 
All the Light We ...,Historical,Five,Â£29.87,In stock 
The Girl You Left ...,Historical,One,Â£15.79,In stock 
(Un)Qualified: How God Uses ...,Christian,Five,Â£54.00,In stock 
Crazy Love: Overwhelmed by ...,Christian,Two,Â£47.72,In stock 
Blue Like Jazz: Nonreligious ...,Christian,One,Â£25.77,In stock 
Silence in the Dark ...,Suspense,Three,Â£58.33,In stock 
The Grownup,Short Stories,One,Â£35.88,In stock 
Suzie Snowflake: One beautiful ...,Novels,Five,Â£54.81,In stock 
The Bulletproof Diet: Lose ...,Health,Three,Â£49.05,In stock 
Eat Fat, Get Thin,Health,Two,Â£54.07,In stock 
10-Day Green Smoothie Cleanse: ...,Health,Five,Â£49.71,In stock 
The Art and Science ...,Health,Five,Â£52.98,In stock 
Libertarianism for Beginners,Politics,Two,Â£51.33,In stock 
Why the Right Went ...,Politics,Four,Â£52.65,In stock 
Equal Is Unfair: America's ...,Politics,One,Â£56.86,In stock 
Amid the Chaos,Cultural,One,Â£36.58,In stock 
Dark Notes,Erotica,Five,Â£19.19,In stock 
The Long Shadow of ...,Crime,One,Â£10.97,In stock 
