Titulo,Categoria,Classificacao,Preco,Em_estoque
It's Only the Himalayas,Viagem,Dois,276.89,NÃO
Full Moon over Noahâs Ark: An Odyssey to Mount Ararat and Beyond,Viagem,Quatro,303.01,NÃO
See America: A Celebration of Our National Parks & Treasured Sites,Viagem,Três,299.57,NÃO
Vagabonding: An Uncommon Guide to the Art of Long-Term World Travel,Viagem,Dois,226.44,NÃO
Under the Tuscan Sun,Viagem,Três,228.83,NÃO
A Summer In Europe,Viagem,Dois,271.8,NÃO
The Great Railway Bazaar,Viagem,Um,187.21,NÃO
A Year in Provence (Provence #1),Viagem,Quatro,348.67,NÃO
The Road to Little Dribbling: Adventures of an American in Britain (Notes From a Small Island #2),Viagem,Um,142.28,NÃO
Neither Here nor There: Travels in Europe,Viagem,Três,238.76,NÃO
1.000 Places to See Before You Die,Viagem,Cinco,159.87,NÃO
Sharp Objects,Mistério,Quatro,293.14,NÃO
In a Dark. Dark Wood,Mistério,Um,120.33,NÃO
The Past Never Ends,Mistério,Quatro,346.34,NÃO
A Murder in Time,Mistério,Um,102.0,NÃO
The Murder of Roger Ackroyd (Hercule Poirot #4),Mistério,Quatro,270.33,NÃO
The Last Mile (Amos Decker #2),Mistério,Dois,332.31,NÃO
That Darkness (Gardiner and Renner #1),Mistério,Um,85.33,NÃO
Tastes Like Fear (DI Marnie Rome #3),Mistério,Um,65.53,NÃO
A Time of Torment (Charlie Parker #14),Mistério,Cinco,296.39,NÃO
A Study in Scarlet (Sherlock Holmes #1),Mistério,Dois,102.55,NÃO
Poisonous (Max Revere Novels #3),Mistério,Três,164.28,NÃO
Murder at the 42nd Street Library (Raymond Ambler #1),Mistério,Quatro,333.23,NÃO
Most Wanted,Mistério,Três,216.27,NÃO
Hide Away (Eve Duncan #20),Mistério,Um,72.58,NÃO
Boar Island (Anna Pigeon #19),Mistério,Três,364.61,NÃO
The Widow,Mistério,Dois,167.1,NÃO
Playing with Fire,Mistério,Três,84.04,NÃO
What Happened on Beale Street (Secrets of the South Mysteries #2),Mistério,Cinco,155.52,NÃO
The Bachelor Girl's Guide to Murder (Herringford and Watts Mysteries #1),Mistério,Cinco,320.6,NÃO
Delivering the Truth (Quaker Midwife Mystery #1),Mistério,Quatro,128.06,NÃO
The Mysterious Affair at Styles (Hercule Poirot #1),Mistério,Quatro,152.02,NÃO
In the Woods (Dublin Murder Squad #1),Mistério,Dois,235.27,NÃO
The Silkworm (Cormoran Strike #2),Mistério,Cinco,141.3,NÃO
The Exiled,Mistério,Três,266.35,NÃO
The Cuckoo's Calling (Cormoran Strike #1),Mistério,Um,117.76,NÃO
Extreme Prey (Lucas Davenport #26),Mistério,Três,155.7,NÃO
Career of Evil (Cormoran Strike #3),Mistério,Dois,151.53,NÃO
The No. 1 Ladies' Detective Agency (No. 1 Ladies' Detective Agency #1),Mistério,Quatro,353.7,NÃO
The Girl You Lost,Mistério,Cinco,75.34,NÃO
The Girl In The Ice (DCI Erika Foster #1),Mistério,Três,97.16,NÃO
Blood Defense (Samantha Brinkman #1),Mistério,Três,124.44,NÃO
1st to Die (Women's Murder Club #1),Mistério,Um,330.9,NÃO
Tipping the Velvet,Historico Ficção,Um,329.43,NÃO
Forever and Forever: The Courtship of Henry Longfellow and Fanny Appleton,Historico Ficção,Três,182.0,NÃO
A Flight of Arrows (The Pathfinders #2),Historico Ficção,Cinco,340.4,NÃO
The House by the Lake,Historico Ficção,Um,226.5,NÃO
Mrs. Houdini,Historico Ficção,Cinco,185.43,NÃO
The Marriage of Opposites,Historico Ficção,Quatro,172.13,NÃO
Glory over Everything: Beyond The Kitchen House,Historico Ficção,Três,281.0,NÃO
Love. Lies and Spies,Historico Ficção,Dois,125.97,NÃO
A Paris Apartment,Historico Ficção,Quatro,239.13,NÃO
Lilac Girls,Historico Ficção,Dois,105.93,NÃO
The Constant Princess (The Tudor Court #1),Historico Ficção,Três,101.88,NÃO
The Invention of Wings,Historico Ficção,Um,228.89,NÃO
World Without End (The Pillars of the Earth #2),Historico Ficção,Quatro,202.11,NÃO
The Passion of Dolssa,Historico Ficção,Cinco,173.6,NÃO
Girl With a Pearl Earring,Historico Ficção,Um,164.1,NÃO
Voyager (Outlander #3),Historico Ficção,Cinco,129.16,NÃO
The Red Tent,Historico Ficção,Cinco,218.6,NÃO
The Last Painting of Sara de Vos,Historico Ficção,Dois,340.52,NÃO
The Guernsey Literary and Potato Peel Pie Society,Historico Ficção,Um,303.62,NÃO
Girl in the Blue Coat,Historico Ficção,Dois,287.07,NÃO
Between Shades of Gray,Historico Ficção,Cinco,127.44,NÃO
While You Were Mine,Historico Ficção,Cinco,253.29,NÃO
The Secret Healer,Historico Ficção,Três,211.85,NÃO
Starlark,Historico Ficção,Três,158.34,NÃO
Lost Among the Living,Historico Ficção,Quatro,169.8,NÃO
A Spy's Devotion (The Regency Spies of London #1),Historico Ficção,Cinco,104.03,NÃO
Scott Pilgrim's Precious Little Life (Scott Pilgrim #1),Arte,Cinco,320.54,NÃO
Tsubasa: WoRLD CHRoNiCLE 2 (Tsubasa WoRLD CHRoNiCLE #2),Arte,Um,99.8,NÃO
This One Summer,Arte,Quatro,119.47,NÃO
The Nameless City (The Nameless City #1),Arte,Quatro,233.92,NÃO
Saga. Volume 5 (Saga (Collected Editions) #5),Arte,Dois,312.88,NÃO
Rat Queens. Vol. 3: Demons (Rat Queens (Collected Editions) #11-15),Arte,Três,308.95,NÃO
Princess Jellyfish 2-in-1 Omnibus. Vol. 01 (Princess Jellyfish 2-in-1 Omnibus #1),Arte,Cinco,83.43,NÃO
Pop Gun War. Volume 1: Gift,Arte,Um,116.29,NÃO
Patience,Arte,Três,62.28,NÃO
Outcast. Vol. 1: A Darkness Surrounds Him (Outcast #1),Arte,Quatro,94.65,NÃO
orange: The Complete Collection 1 (orange: The Complete Collection #1),Arte,Um,296.75,NÃO
Lumberjanes. Vol. 2: Friendship to the Max (Lumberjanes #5-8),Arte,Dois,287.56,NÃO
Lumberjanes. Vol. 1: Beware the Kitten Holy (Lumberjanes #1-4),Arte,Três,279.59,NÃO
Lumberjanes Vol. 3: A Terrible Plan (Lumberjanes #9-12),Arte,Dois,122.11,NÃO
I Hate Fairyland. Vol. 1: Madly Ever After (I Hate Fairyland (Compilations) #1-5),Arte,Dois,178.81,NÃO
I am a Hero Omnibus Volume 1,Arte,Três,334.88,NÃO
Giant Days. Vol. 2 (Giant Days #5-8),Arte,Dois,135.53,NÃO
Danganronpa Volume 1,Arte,Quatro,318.7,NÃO
Codename Baboushka. Volume 1: The Conclave of Death,Arte,Quatro,225.09,NÃO
Camp Midnight,Arte,Quatro,104.7,NÃO
Bitch Planet. Vol. 1: Extraordinary Machine (Bitch Planet (Collected Editions)),Arte,Dois,232.45,NÃO
The Shadow Hero (The Shadow Hero),Arte,Um,203.15,NÃO
Fables. Vol. 1: Legends in Exile (Fables #1),Arte,Quatro,255.13,NÃO
Batman: The Long Halloween (Batman),Arte,Dois,223.75,NÃO
Batman: The Dark Knight Returns (Batman),Arte,Cinco,94.28,NÃO
Wonder Woman: Earth One. Volume One (Wonder Woman: Earth One #1),Arte,Quatro,228.89,NÃO
We Are Robin. Vol. 1: The Vigilante Business (We Are Robin #1),Arte,Um,330.41,NÃO
Through the Woods,Arte,Dois,155.58,NÃO
Superman Vol. 1: Before Truth (Superman by Gene Luen Yang #1),Arte,Cinco,72.89,NÃO
So Cute It Hurts!!. Vol. 6 (So Cute It Hurts!! #6),Arte,Quatro,217.19,NÃO
Robin War,Arte,Três,293.14,NÃO
Red Hood/Arsenal. Vol. 1: Open for Business (Red Hood/Arsenal #1),Arte,Dois,156.19,NÃO
Naruto (3-in-1 Edition). Vol. 14: Includes Vols. 40. 41 & 42 (Naruto: Omnibus #14),Arte,Dois,235.33,NÃO
Lowriders to the Center of the Earth (Lowriders in Space #2),Arte,Dois,315.76,NÃO
El Deafo,Arte,Cinco,353.21,NÃO
Batman: Europa,Arte,Dois,196.22,NÃO
Art Ops Vol. 1,Arte,Três,299.14,NÃO
"Adulthood Is a Myth: A ""Sarah's Scribbles"" Collection",Arte,Dois,66.82,NÃO
Fruits Basket. Vol. 9 (Fruits Basket #9),Arte,Quatro,208.11,NÃO
Roller Girl,Arte,Cinco,86.43,NÃO
Fruits Basket. Vol. 7 (Fruits Basket #7),Arte,Um,119.96,NÃO
Fruits Basket. Vol. 6 (Fruits Basket #6),Arte,Quatro,128.48,NÃO
Death Note. Vol. 6: Give-and-Take (Death Note #6),Arte,Três,223.07,NÃO
Fruits Basket. Vol. 5 (Fruits Basket #5),Arte,Um,100.1,NÃO
Death Note. Vol. 5: Whiteout (Death Note #5),Arte,Um,321.27,NÃO
The Demon Prince of Momochi House. Vol. 4 (The Demon Prince of Momochi House #4),Arte,Dois,170.9,NÃO
Fruits Basket. Vol. 4 (Fruits Basket #4),Arte,Quatro,309.2,NÃO
The Wicked + The Divine. Vol. 3: Commercial Suicide (The Wicked + The Divine),Arte,Três,88.33,NÃO
The Sandman. Vol. 3: Dream Country (The Sandman (volumes) #3),Arte,Cinco,340.52,NÃO
Saga. Volume 3 (Saga (Collected Editions) #3),Arte,Cinco,132.22,NÃO
Prodigy: The Graphic Novel (Legend: The Graphic Novel #2),Arte,Três,267.45,NÃO
Persepolis: The Story of a Childhood (Persepolis #1-2),Arte,Um,239.87,NÃO
Original Fake,Arte,Três,192.79,NÃO
Grayson. Vol 3: Nemesis (Grayson #3),Arte,Um,261.87,NÃO
Fruits Basket. Vol. 3 (Fruits Basket #3),Arte,Dois,276.89,NÃO
Black Butler. Vol. 1 (Black Butler #1),Arte,Um,302.27,NÃO
Awkward,Arte,Dois,233.06,NÃO
The Sandman. Vol. 2: The Doll's House (The Sandman (volumes) #2),Arte,Um,335.99,NÃO
Saga. Volume 2 (Saga (Collected Editions) #2),Arte,Três,72.03,NÃO
Fruits Basket. Vol. 2 (Fruits Basket #2),Arte,Cinco,71.35,NÃO
Y: The Last Man. Vol. 1: Unmanned (Y: The Last Man #1),Arte,Quatro,113.47,NÃO
The Wicked + The Divine. Vol. 1: The Faust Act (The Wicked + The Divine),Arte,Dois,223.87,NÃO
The Sandman. Vol. 1: Preludes and Nocturnes (The Sandman (volumes) #1),Arte,Três,331.76,NÃO
The Complete Maus (Maus #1-2),Arte,Três,65.22,NÃO
Skip Beat!. Vol. 01 (Skip Beat! #1),Arte,Três,258.2,NÃO
Saga. Volume 1 (Saga (Collected Editions) #1),Arte,Um,174.58,NÃO
Rat Queens. Vol. 1: Sass & Sorcery (Rat Queens (Collected Editions) #1-5),Arte,Cinco,287.86,NÃO
Paper Girls. Vol. 1 (Paper Girls #1-5),Arte,Quatro,133.08,NÃO
Ouran High School Host Club. Vol. 1 (Ouran High School Host Club #1),Arte,Três,183.1,NÃO
Ms. Marvel. Vol. 1: No Normal (Ms. Marvel (2014-2015) #1),Arte,Quatro,241.46,NÃO
Hawkeye. Vol. 1: My Life as a Weapon (Hawkeye #1),Arte,Três,277.32,NÃO
Giant Days. Vol. 1 (Giant Days #1-4),Arte,Quatro,347.94,NÃO
Fruits Basket. Vol. 1 (Fruits Basket #1),Arte,Cinco,246.92,NÃO
Bleach. Vol. 1: Strawberry and the Soul Reapers (Bleach #1),Arte,Cinco,212.4,NÃO
Ajin: Demi-Human. Volume 1 (Ajin: Demi-Human #1),Arte,Quatro,349.78,NÃO
The Secret Garden,Classicos,Quatro,92.44,NÃO
The Metamorphosis,Classicos,Um,175.2,NÃO
The Pilgrim's Progress,Classicos,Dois,308.09,NÃO
The Hound of the Baskervilles (Sherlock Holmes #5),Classicos,Dois,90.85,NÃO
Little Women (Little Women #1),Classicos,Quatro,172.07,NÃO
Gone with the Wind,Classicos,Três,199.16,NÃO
Candide,Classicos,Três,359.4,NÃO
Animal Farm,Classicos,Três,350.76,NÃO
Wuthering Heights,Classicos,Três,108.68,NÃO
The Picture of Dorian Gray,Classicos,Dois,182.06,NÃO
The Complete Stories and Poems (The Works of Edgar Allan Poe [Cameo Edition]),Classicos,Quatro,164.16,NÃO
Beowulf,Classicos,Dois,235.09,NÃO
And Then There Were None,Classicos,Dois,214.61,NÃO
The Story of Hong Gildong,Classicos,Quatro,264.75,NÃO
The Little Prince,Classicos,Dois,278.42,NÃO
Sense and Sensibility,Classicos,Um,229.63,NÃO
Of Mice and Men,Classicos,Dois,288.78,NÃO
Emma,Classicos,Dois,201.86,NÃO
Alice in Wonderland (Alice's Adventures in Wonderland #1),Classicos,Um,340.4,NÃO
Sophie's World,Filosofia,Cinco,97.71,NÃO
The Death of Humanity: and the Case for Life,Filosofia,Quatro,356.21,NÃO
The Stranger,Filosofia,Quatro,106.91,NÃO
Proofs of God: Classical Arguments from Tertullian to Barth,Filosofia,Um,332.31,NÃO
Kierkegaard: A Christian Missionary to Christians,Filosofia,Um,288.91,NÃO
At The Existentialist CafÃ©: Freedom. Being. and apricot cocktails with: Jean-Paul Sartre. Simone de Beauvoir. Albert Camus. Martin Heidegger. Edmund Husserl. Karl Jaspers. Maurice Merleau-Ponty and others,Filosofia,Cinco,183.47,NÃO
Critique of Pure Reason,Filosofia,Um,127.2,NÃO
Run. Spot. Run: The Ethics of Keeping Pets,Filosofia,Um,122.72,NÃO
The Nicomachean Ethics,Filosofia,Um,222.76,NÃO
Meditations,Filosofia,Dois,158.71,NÃO
Beyond Good and Evil,Filosofia,Um,265.92,NÃO
Chase Me (Paris Nights #2),Romance,Cinco,154.91,NÃO
Black Dust,Romance,Cinco,211.67,NÃO
Her Backup Boyfriend (The Sorensen Family #1),Romance,Um,208.24,NÃO
First and First (Five Boroughs #3),Romance,Quatro,97.9,NÃO
Fifty Shades Darker (Fifty Shades #2),Romance,Um,134.61,NÃO
The Wedding Dress,Romance,Um,147.86,NÃO
Suddenly in Love (Lake Haven #1),Romance,Dois,343.22,NÃO
Something More Than This,Romance,Quatro,99.55,NÃO
Doing It Over (Most Likely To #1),Romance,Três,218.29,NÃO
The Wedding Pact (The O'Malleys #2),Romance,Três,199.9,NÃO
Hold Your Breath (Search and Rescue #1),Romance,Um,176.67,NÃO
Dirty (Dive Bar #1),Romance,Quatro,250.29,NÃO
Take Me Home Tonight (Rock Star Romance #3),Romance,Três,330.9,NÃO
Off the Hook (Fishing for Trouble #1),Romance,Três,292.22,NÃO
A Gentleman's Position (Society of Gentlemen #3),Romance,Cinco,90.42,NÃO
Sit. Stay. Love,Romance,Três,128.12,NÃO
A Girl's Guide to Moving On (New Beginnings #2),Romance,Um,191.87,NÃO
The Perfect Play (Play by Play #1),Romance,Três,367.74,NÃO
Dark Lover (Black Dagger Brotherhood #1),Romance,Um,78.89,NÃO
Changing the Game (Play by Play #2),Romance,Três,82.02,NÃO
A Walk to Remember,Romance,Um,345.92,NÃO
The Purest Hook (Second Circle Tattoos #3),Romance,Um,75.09,NÃO
The Obsession,Romance,Um,278.49,NÃO
Reservations for Two,Romance,Três,68.04,NÃO
Best of My Love (Fool's Gold #20),Romance,Dois,168.02,NÃO
Where Lightning Strikes (Bleeding Stars #3),Romance,Três,243.79,NÃO
This One Moment (Pushing Limits #1),Romance,Um,298.59,NÃO
Rhythm. Chord & Malykhin,Romance,Dois,173.72,NÃO
My Perfect Mistake (Over the Top #1),Romance,Dois,238.58,NÃO
Listen to Me (Fusion #1),Romance,Três,361.61,NÃO
Imperfect Harmony,Romance,Quatro,212.96,NÃO
Fighting Fate (Fighting #6),Romance,Três,240.54,NÃO
Deep Under (Walker Security #1),Romance,Cinco,288.66,NÃO
Charity's Cross (Charles Towne Belles #4),Romance,Um,252.8,NÃO
Bounty (Colorado Mountain #7),Romance,Quatro,228.4,NÃO
I Had a Nice Time And Other Lies...: How to find love & sh*t like that,Ficção Feminina,Quatro,351.62,NÃO
Will You Won't You Want Me?,Ficção Feminina,Três,84.96,NÃO
Keep Me Posted,Ficção Feminina,Quatro,125.42,NÃO
Grey (Fifty Shades #4),Ficção Feminina,Quatro,297.24,NÃO
Meternity,Ficção Feminina,Três,267.15,NÃO
Some Women,Ficção Feminina,Cinco,84.16,NÃO
Shopaholic Ties the Knot (Shopaholic #3),Ficção Feminina,Cinco,296.63,NÃO
Can You Keep a Secret?,Ficção Feminina,Um,134.49,NÃO
Twenties Girl,Ficção Feminina,Dois,262.36,NÃO
The Undomestic Goddess,Ficção Feminina,Quatro,280.45,NÃO
The Nanny Diaries (Nanny #1),Ficção Feminina,Cinco,322.01,NÃO
The Devil Wears Prada (The Devil Wears Prada #1),Ficção Feminina,Um,271.5,NÃO
Something Borrowed (Darcy & Rachel #1),Ficção Feminina,Cinco,300.12,NÃO
Something Blue (Darcy & Rachel #2),Ficção Feminina,Um,334.82,NÃO
I've Got Your Number,Ficção Feminina,Um,120.7,NÃO
The Edge of Reason (Bridget Jones #2),Ficção Feminina,Quatro,117.57,NÃO
Bridget Jones's Diary (Bridget Jones #1),Ficção Feminina,Um,182.8,NÃO
Soumission,Ficção,Um,307.11,NÃO
Private Paris (Private #10),Ficção,Cinco,291.85,NÃO
We Love You. Charlie Freeman,Ficção,Cinco,308.16,NÃO
Thirst,Ficção,Cinco,105.87,NÃO
The Murder That Never Was (Forensic Instincts #5),Ficção,Três,331.69,NÃO
Tuesday Nights in 1980,Ficção,Dois,128.98,NÃO
The Vacationers,Ficção,Quatro,258.38,NÃO
The Regional Office Is Under Attack!,Ficção,Cinco,314.84,NÃO
Finders Keepers (Bill Hodges Trilogy #2),Ficção,Cinco,328.14,NÃO
The Time Keeper,Ficção,Cinco,170.9,NÃO
The Testament of Mary,Ficção,Quatro,322.87,NÃO
The First Hostage (J.B. Collins #2),Ficção,Três,158.46,NÃO
Take Me with You,Ficção,Três,277.14,NÃO
Still Life with Bread Crumbs,Ficção,Três,161.89,NÃO
Shtum,Ficção,Quatro,342.3,NÃO
My Name Is Lucy Barton,Ficção,Um,254.76,NÃO
My Mrs. Brown,Ficção,Três,150.06,NÃO
Mr. Mercedes (Bill Hodges Trilogy #1),Ficção,Um,177.16,NÃO
I Am Pilgrim (Pilgrim #1),Ficção,Quatro,64.98,NÃO
Eligible (The Austen Project #4),Ficção,Três,166.06,NÃO
Eight Hundred Grapes,Ficção,Quatro,88.21,NÃO
Dear Mr. Knightley,Ficção,Cinco,68.72,NÃO
Cometh the Hour (The Clifton Chronicles #6),Ficção,Três,153.31,NÃO
Balloon Animals,Ficção,Três,104.39,NÃO
A Man Called Ove,Ficção,Um,243.48,NÃO
The Silent Sister (Riley MacPherson #1),Ficção,Cinco,283.76,NÃO
The Dinner Party,Ficção,Dois,346.59,NÃO
The Improbability of Love,Ficção,Um,364.43,NÃO
Mothering Sunday,Ficção,Dois,81.77,NÃO
Lies and Other Acts of Love,Ficção,Um,276.71,NÃO
Daredevils,Ficção,Três,100.16,NÃO
11/22/63,Ficção,Três,297.18,NÃO
The Shack,Ficção,Um,171.82,NÃO
The High Mountains of Portugal,Ficção,Um,313.55,NÃO
Miller's Valley,Ficção,Dois,358.85,NÃO
Hystopia: A Novel,Ficção,Quatro,134.61,NÃO
The Bourne Identity (Jason Bourne #1),Ficção,Quatro,262.24,NÃO
Sister Dear,Ficção,Quatro,246.43,NÃO
Memoirs of a Geisha,Ficção,Três,304.48,NÃO
Me Before You (Me Before You #1),Ficção,Um,116.59,NÃO
Deception Point,Ficção,Quatro,247.16,NÃO
The Little Paris Bookshop,Ficção,Três,151.59,NÃO
The Firm,Ficção,Três,279.28,NÃO
The Expatriates,Ficção,Dois,273.28,NÃO
Siddhartha,Ficção,Cinco,209.77,NÃO
Last One Home (New Beginnings #1),Ficção,Três,367.68,NÃO
Digital Fortress,Ficção,Cinco,355.54,NÃO
Atlas Shrugged,Ficção,Cinco,162.94,NÃO
Three-Martini Lunch,Ficção,Três,142.28,NÃO
The Nightingale,Ficção,Quatro,160.97,NÃO
The Infinities,Ficção,Um,168.02,NÃO
The Husband's Secret,Ficção,Cinco,321.89,NÃO
The Da Vinci Code (Robert Langdon #2),Ficção,Dois,140.74,NÃO
The Art of Fielding,Ficção,Um,135.47,NÃO
Lila (Gilead #3),Ficção,Três,76.44,NÃO
Jurassic Park (Jurassic Park #1),Ficção,Um,275.67,NÃO
Inferno (Robert Langdon #4),Ficção,Cinco,251.33,NÃO
Crazy Rich Asians (Crazy Rich Asians #1),Ficção,Cinco,301.17,NÃO
Big Little Lies,Ficção,Um,135.53,NÃO
The Course of Love,Ficção,Três,102.86,NÃO
When I'm Gone,Ficção,Três,318.51,NÃO
The Silent Wife,Ficção,Cinco,75.64,NÃO
The Bette Davis Club,Ficção,Três,187.95,NÃO
Kitchens of the Great Midwest,Ficção,Cinco,350.64,NÃO
Bright Lines,Ficção,Cinco,239.5,NÃO
Birdsong: A Story in Pictures,Childrens,Três,334.94,NÃO
The Bear and the Piano,Childrens,Um,226.14,NÃO
The Secret of Dreadwillow Carse,Childrens,Um,344.08,NÃO
The White Cat and the Monk: A Retelling of the Poem âPangur BÃ¡nâ,Childrens,Quatro,356.03,NÃO
Little Red,Childrens,Três,82.57,NÃO
Walt Disney's Alice in Wonderland,Childrens,Cinco,79.44,NÃO
Twenty Yawns,Childrens,Dois,135.35,NÃO
Rain Fish,Childrens,Três,144.48,NÃO
Once Was a Time,Childrens,Dois,112.06,NÃO
Luis Paints the World,Childrens,Três,330.71,NÃO
Nap-a-Roo,Childrens,Um,153.74,NÃO
The Whale,Childrens,Quatro,220.43,NÃO
Shrunken Treasures: Literary Classics. Short. Sweet. and Silly,Childrens,Três,324.09,NÃO
Raymie Nightingale,Childrens,Dois,210.93,NÃO
Playing from the Heart,Childrens,Um,198.49,NÃO
Maybe Something Beautiful: How Art Transformed a Neighborhood,Childrens,Um,138.17,NÃO
The Wild Robot,Childrens,Três,343.71,NÃO
The Thing About Jellyfish,Childrens,Um,298.96,NÃO
The Lonely Ones,Childrens,Cinco,267.21,NÃO
The Day the Crayons Came Home (Crayons),Childrens,Cinco,161.4,NÃO
The Cat in the Hat (Beginner Books B-1),Childrens,Dois,99.67,NÃO
Red: The True Story of Red Riding Hood,Childrens,Três,174.95,NÃO
Horrible Bear!,Childrens,Dois,230.0,NÃO
Green Eggs and Ham (Beginner Books B-16),Childrens,Quatro,66.14,NÃO
Counting Thyme,Childrens,Um,65.1,NÃO
Are We There Yet?,Childrens,Três,65.35,NÃO
Diary of a Minecraft Zombie Book 1: A Scare of a Dare (An Unofficial Minecraft Book),Childrens,Quatro,324.15,NÃO
Matilda,Childrens,Um,173.72,NÃO
Charlie and the Chocolate Factory (Charlie Bucket #1),Childrens,Três,140.07,NÃO
Don't Be a Jerk: And Other Practical Advice from Dogen. Japan's Greatest Zen Master,Religion,Dois,232.76,NÃO
You Are What You Love: The Spiritual Power of Habit,Religion,Quatro,134.06,NÃO
God: The Most Unpleasant Character in All Fiction,Religion,Cinco,184.08,NÃO
The Book of Mormon,Religion,Três,150.61,NÃO
A History of God: The 4.000-Year Quest of Judaism. Christianity. and Islam,Religion,Um,169.31,NÃO
The Bhagavad Gita,Religion,Três,352.41,NÃO
Choosing Our Religion: The Spiritual Lives of America's Nones,Religion,Quatro,174.21,NÃO
Worlds Elsewhere: Journeys Around Shakespeareâs Globe,Não Ficção,Cinco,247.04,NÃO
The Five Love Languages: How to Express Heartfelt Commitment to Your Mate,Não Ficção,Três,190.34,NÃO
Reasons to Stay Alive,Não Ficção,Dois,161.89,NÃO
#HigherSelfie: Wake Up Your Life. Free Your Soul. Find Your Tribe.,Não Ficção,Cinco,141.66,NÃO
Unseen City: The Majesty of Pigeons. the Discreet Charm of Snails & Other Wonders of the Urban Wilderness,Não Ficção,Quatro,270.82,NÃO
Throwing Rocks at the Google Bus: How Growth Became the Enemy of Prosperity,Não Ficção,Três,190.77,NÃO
The Life-Changing Magic of Tidying Up: The Japanese Art of Decluttering and Organizing,Não Ficção,Três,102.8,NÃO
The Gutsy Girl: Escapades for Your Life of Epic Adventure,Não Ficção,Um,227.61,NÃO
The Electric Pencil: Drawings from Inside State Hospital No. 3,Não Ficção,Um,343.65,NÃO
Spark Joy: An Illustrated Master Class on the Art of Organizing and Tidying Up,Não Ficção,Quatro,256.42,NÃO
Reskilling America: Learning to Labor in the Twenty-First Century,Não Ficção,Dois,121.56,NÃO
In the Country We Love: My Family Divided,Não Ficção,Quatro,134.86,NÃO
Everydata: The Misinformation Hidden in the Little Data You Consume Every Day,Não Ficção,Dois,333.17,NÃO
Call the Nurse: True Stories of a Country Nurse on a Scottish Isle,Não Ficção,Cinco,178.63,NÃO
Algorithms to Live By: The Computer Science of Human Decisions,Não Ficção,Um,188.87,NÃO
The Power of Now: A Guide to Spiritual Enlightenment,Não Ficção,Dois,266.9,NÃO
The Omnivore's Dilemma: A Natural History of Four Meals,Não Ficção,Dois,234.23,NÃO
The Genius of Birds,Não Ficção,Um,105.68,NÃO
The Artist's Way: A Spiritual Path to Higher Creativity,Não Ficção,Cinco,235.94,NÃO
So You've Been Publicly Shamed,Não Ficção,Dois,74.97,NÃO
Daring Greatly: How the Courage to Be Vulnerable Transforms the Way We Live. Love. Parent. and Lead,Não Ficção,Três,119.11,NÃO
Big Magic: Creative Living Beyond Fear,Não Ficção,Três,188.8,NÃO
Becoming Wise: An Inquiry into the Mystery and Art of Living,Não Ficção,Dois,168.15,NÃO
Agnostic: A Spirited Manifesto,Não Ficção,Cinco,76.69,NÃO
Whole Lotta Creativity Going On: 60 Fun and Unusual Exercises to Awaken and Strengthen Your Creativity,Não Ficção,Quatro,234.17,NÃO
What's It Like in Space?: Stories from Astronauts Who've Been There,Não Ficção,Dois,120.15,NÃO
The Year of Magical Thinking,Não Ficção,Dois,263.84,NÃO
The Literature Book (Big Ideas Simply Explained),Não Ficção,Três,106.85,NÃO
The Bad-Ass Librarians of Timbuktu: And Their Race to Save the Worldâs Most Precious Manuscripts,Não Ficção,Um,96.67,NÃO
Swell: A Year of Waves,Não Ficção,Um,279.41,NÃO
No Dream Is Too High: Life Lessons From a Man Who Walked on the Moon,Não Ficção,Dois,134.55,NÃO
Looking for Lovely: Collecting the Moments that Matter,Não Ficção,Cinco,178.63,NÃO
Let It Out: A Journey Through Journaling,Não Ficção,Cinco,164.22,NÃO
Hamilton: The Revolution,Não Ficção,Três,360.38,NÃO
Far & Away: Places on the Brink of Change: Seven Continents. Twenty-Five Years,Não Ficção,Quatro,92.32,NÃO
Eaternity: More than 150 Deliciously Easy Vegan Recipes for a Long. Healthy. Satisfied. Joyful Life,Não Ficção,Cinco,317.23,NÃO
Buying In: The Secret Dialogue Between What We Buy and Who We Are,Não Ficção,Quatro,231.71,NÃO
Brain on Fire: My Month of Madness,Não Ficção,Cinco,302.33,NÃO
Abstract City,Não Ficção,Cinco,345.55,NÃO
13 Hours: The Inside Account of What Really Happened In Benghazi,Não Ficção,Um,165.88,NÃO
The Lonely City: Adventures in the Art of Being Alone,Não Ficção,Dois,203.88,NÃO
The Diary of a Young Girl,Não Ficção,Três,367.19,NÃO
Snatched: How A Drug Queen Went Undercover for the DEA and Was Kidnapped By Colombian Guerillas,Não Ficção,Três,130.02,NÃO
Furiously Happy: A Funny Book About Horrible Things,Não Ficção,Quatro,254.15,NÃO
The Sleep Revolution: Transforming Your Life. One Night at a Time,Não Ficção,Quatro,71.6,NÃO
Mother. Can You Not?,Não Ficção,Cinco,103.54,NÃO
A Mother's Reckoning: Living in the Aftermath of Tragedy,Não Ficção,Três,119.72,NÃO
10% Happier: How I Tamed the Voice in My Head. Reduced Stress Without Losing My Edge. and Found Self-Help That Actually Works,Não Ficção,Dois,150.61,NÃO
Chernobyl 01:23:40: The Incredible True Story of the World's Worst Nuclear Disaster,Não Ficção,Dois,220.19,NÃO
Zero to One: Notes on Startups. or How to Build the Future,Não Ficção,Três,208.79,NÃO
Why Not Me?,Não Ficção,Um,108.87,NÃO
When Breath Becomes Air,Não Ficção,Dois,241.28,NÃO
The Midnight Assassin: Panic. Scandal. and the Hunt for America's First Serial Killer,Não Ficção,Quatro,174.4,NÃO
Smarter Faster Better: The Secrets of Being Productive in Life and Business,Não Ficção,Cinco,238.4,NÃO
Rising Strong,Não Ficção,Três,133.76,NÃO
Man's Search for Meaning,Não Ficção,Três,180.71,NÃO
Love That Boy: What Two Presidents. Eight Road Trips. and My Son Taught Me About a Parent's Expectations,Não Ficção,Dois,153.62,NÃO
Living Forward: A Proven Plan to Stop Drifting and Get the Life You Want,Não Ficção,Três,76.93,NÃO
I Will Find You,Não Ficção,Um,271.01,NÃO
Brazen: The Courage to Find the You That's Been Hiding,Não Ficção,Dois,117.82,NÃO
Between the World and Me,Não Ficção,Quatro,348.86,NÃO
Being Mortal: Medicine and What Matters in the End,Não Ficção,Quatro,337.52,NÃO
A Murder Over a Girl: Justice. Gender. Junior High,Não Ficção,Três,80.92,NÃO
For the Love: Fighting for Grace in a World of Impossible Standards,Não Ficção,Três,276.65,NÃO
Finding God in the Ruins: How God Redeems Pain,Não Ficção,Dois,285.9,NÃO
The Man Who Mistook His Wife for a Hat and Other Clinical Tales,Não Ficção,Quatro,364.43,NÃO
In Cold Blood,Não Ficção,Quatro,306.38,NÃO
Girl. Interrupted,Não Ficção,Três,258.32,NÃO
Why Save the Bankers?: And Other Essays on Our Economic and Political Crisis,Não Ficção,Dois,298.35,NÃO
Talking to Girls About Duran Duran: One Young Man's Quest for True Love and a Cooler Haircut,Não Ficção,Quatro,154.17,NÃO
My Mother Was Nuts,Não Ficção,Quatro,193.89,NÃO
Data. A Love Story: How I Gamed Online Dating to Meet My Match,Não Ficção,Três,198.31,NÃO
The Jazz of Physics: The Secret Link Between Music and the Structure of the Universe,Não Ficção,Três,237.29,NÃO
The Gunning of America: Business and the Making of American Gun Culture,Não Ficção,Quatro,103.05,NÃO
The Geography of Bliss: One Grump's Search for the Happiest Places in the World,Não Ficção,Dois,173.05,NÃO
God Is Not Great: How Religion Poisons Everything,Não Ficção,Um,170.41,NÃO
We the People: The Modern-Day Figures Who Have Reshaped and Affirmed the Founding Fathers' Vision of America,Não Ficção,Três,195.85,NÃO
Very Good Lives: The Fringe Benefits of Failure and the Importance of Imagination,Não Ficção,Três,310.55,NÃO
Unstuffed: Decluttering Your Home. Mind. and Soul,Não Ficção,Um,356.09,NÃO
Under the Banner of Heaven: A Story of Violent Faith,Não Ficção,Um,183.9,NÃO
Trespassing Across America: One Man's Epic. Never-Done-Before (and Sort of Illegal) Hike Across the Heartland,Não Ficção,Um,328.02,NÃO
The Name of God is Mercy,Não Ficção,Dois,228.34,NÃO
Stiff: The Curious Lives of Human Cadavers,Não Ficção,Três,225.22,NÃO
Spilled Milk: Based on a True Story,Não Ficção,Um,303.5,NÃO
Rise of the Rocket Girls: The Women Who Propelled Us. from Missiles to the Moon to Mars,Não Ficção,Quatro,255.44,NÃO
Outliers: The Story of Success,Não Ficção,Um,86.8,NÃO
Notes from a Small Island (Notes From a Small Island #1),Não Ficção,Um,246.24,NÃO
Night (The Night Trilogy #1),Não Ficção,Um,82.82,NÃO
Miracles from Heaven: A Little Girl. Her Journey to Heaven. and Her Amazing Story of Healing,Não Ficção,Um,354.5,NÃO
Letter to a Christian Nation,Não Ficção,Um,136.09,NÃO
Let's Pretend This Never Happened: A Mostly True Memoir,Não Ficção,Um,276.52,NÃO
It's Never Too Late to Begin Again: Discovering Creativity and Meaning at Midlife and Beyond,Não Ficção,Um,259.79,NÃO
Into the Wild,Não Ficção,Cinco,347.57,NÃO
In the Garden of Beasts: Love. Terror. and an American Family in Hitler's Berlin,Não Ficção,Três,176.85,NÃO
I Am Malala: The Girl Who Stood Up for Education and Was Shot by the Taliban,Não Ficção,Dois,177.03,NÃO
Gratitude,Não Ficção,Cinco,163.43,NÃO
Disrupted: My Misadventure in the Start-Up Bubble,Não Ficção,Cinco,93.67,NÃO
Brave Enough,Não Ficção,Cinco,314.59,NÃO
Born to Run: A Hidden Tribe. Superathletes. and the Greatest Race the World Has Never Seen,Não Ficção,Dois,167.66,NÃO
Blink: The Power of Thinking Without Thinking,Não Ficção,Cinco,133.27,NÃO
Black Flags: The Rise of ISIS,Não Ficção,Um,250.53,NÃO
Are We Smart Enough to Know How Smart Animals Are?,Não Ficção,Um,346.84,NÃO
A Walk in the Woods: Rediscovering America on the Appalachian Trail,Não Ficção,Quatro,186.84,NÃO
The Suffragettes (Little Black Classics. #96),Não Ficção,Dois,72.89,NÃO
Kindle Paperwhite User's Guide,Não Ficção,Três,208.42,NÃO
H is for Hawk,Não Ficção,Cinco,351.98,NÃO
Travels with Charley: In Search of America,Não Ficção,Cinco,354.44,NÃO
The Tumor,Não Ficção,Cinco,254.76,NÃO
The End of the Jesus Era (An Investigation #1),Não Ficção,Um,88.27,NÃO
Eat. Pray. Love,Não Ficção,Três,314.59,NÃO
Rip it Up and Start Again,Music,Cinco,214.67,NÃO
Our Band Could Be Your Life: Scenes from the American Indie Underground. 1981-1991,Music,Três,350.94,NÃO
How Music Works,Music,Dois,228.77,NÃO
Love Is a Mix Tape (Music #1),Music,Um,110.52,NÃO
Please Kill Me: The Uncensored Oral History of Punk,Music,Quatro,191.19,NÃO
Kill 'Em and Leave: Searching for James Brown and the American Soul,Music,Cinco,276.16,NÃO
Chronicles. Vol. 1,Music,Dois,322.44,NÃO
This Is Your Brain on Music: The Science of a Human Obsession,Music,Um,235.39,NÃO
Orchestra of Exiles: The Story of Bronislaw Huberman. the Israel Philharmonic. and the One Thousand Jews He Saved from Nazi Horrors,Music,Três,75.77,NÃO
No One Here Gets Out Alive,Music,Cinco,122.72,NÃO
Life,Music,Cinco,193.59,NÃO
Old Records Never Die: One Man's Quest for His Vinyl and His Past,Music,Dois,341.2,NÃO
Forever Rockers (The Rocker #12),Music,Três,176.54,NÃO
The Coming Woman: A Novel Based on the Life of the Infamous Feminist. Victoria Woodhull,Padrão,Três,109.91,NÃO
The Boys in the Boat: Nine Americans and Their Epic Quest for Gold at the 1936 Berlin Olympics,Padrão,Quatro,138.54,NÃO
Starving Hearts (Triangular Trade Trilogy. #1),Padrão,Dois,85.76,NÃO
America's Cradle of Quarterbacks: Western Pennsylvania's Football Factory from Johnny Unitas to Joe Montana,Padrão,Três,137.93,NÃO
Aladdin and His Wonderful Lamp,Padrão,Três,325.69,NÃO
Penny Maybe,Padrão,Três,204.07,NÃO
Maude (1883-1993):She Grew Up with the country,Padrão,Dois,110.46,NÃO
The Inefficiency Assassin: Time Management Tactics for Working Smarter. Not Longer,Padrão,Cinco,126.22,NÃO
Soul Reader,Padrão,Dois,242.63,NÃO
Bossypants,Padrão,Dois,303.19,NÃO
A World of Flavor: Your Gluten Free Passport,Padrão,Um,263.28,NÃO
A Piece of Sky. a Grain of Rice: A Memoir in Four Meditations,Padrão,Cinco,347.94,NÃO
Tracing Numbers on a Train,Padrão,Três,255.01,NÃO
Thirteen Reasons Why,Padrão,Um,323.17,NÃO
The Secret (The Secret #1),Padrão,Quatro,167.78,NÃO
The Psychopath Test: A Journey Through the Madness Industry,Padrão,Dois,220.68,NÃO
The Kite Runner,Padrão,Quatro,256.36,NÃO
The Girl on the Train,Padrão,Dois,337.27,NÃO
The Emerald Mystery,Padrão,Dois,141.91,NÃO
The Bridge to Consciousness: I'm Writing the Bridge Between Science and Our Old and New Beliefs.,Padrão,Três,196.16,NÃO
The Art of War,Padrão,Cinco,204.37,NÃO
Secrets and Lace (Fatal Hearts #1),Padrão,Um,124.26,NÃO
Romero and Juliet: A Tragic Tale of Love and Zombies,Padrão,Um,226.44,NÃO
Poses for Artists Volume 1 - Dynamic and Sitting Poses: An Essential Reference for Figure Drawing and the Human Form,Padrão,Um,251.7,NÃO
Miss Peregrineâs Home for Peculiar Children (Miss Peregrineâs Peculiar Children #1),Padrão,Um,65.96,NÃO
Large Print Heart of the Pride,Padrão,Dois,117.39,NÃO
Grumbles,Padrão,Dois,135.84,NÃO
First Steps for New Christians (Print Edition),Padrão,Um,177.77,NÃO
Eureka Trivia 6.0,Padrão,Quatro,334.64,NÃO
Drive: The Surprising Truth About What Motivates Us,Padrão,Quatro,214.24,NÃO
Done Rubbed Out (Reightman & Bailey #1),Padrão,Cinco,231.22,NÃO
Beauty Restored (Riley Family Legacy Novellas #3),Padrão,Dois,68.1,NÃO
Ayumi's Violin,Padrão,Dois,94.89,NÃO
Anonymous,Padrão,Quatro,287.01,NÃO
Amy Meets the Saints and Sages,Padrão,Três,113.16,NÃO
Amatus,Padrão,Cinco,309.81,NÃO
V for Vendetta (V for Vendetta Complete),Padrão,Quatro,227.42,NÃO
Unbroken: A World War II Story of Survival. Resilience. and Redemption,Padrão,Dois,281.67,NÃO
The Wright Brothers,Padrão,Quatro,348.18,NÃO
The Songs of the Gods,Padrão,Cinco,272.66,NÃO
The Rosie Project (Don Tillman #1),Padrão,Um,331.27,NÃO
The Power of Habit: Why We Do What We Do in Life and Business,Padrão,Três,103.47,NÃO
Steve Jobs,Padrão,Cinco,242.13,NÃO
Luckiest Girl Alive,Padrão,Três,305.46,NÃO
Living Leadership by Insight: A Good Leader Achieves. a Great Leader Builds Monuments,Padrão,Quatro,287.56,NÃO
Lady Midnight (The Dark Artifices #1),Padrão,Cinco,99.8,NÃO
Hush. Hush (Hush. Hush #1),Padrão,Três,288.23,NÃO
Greek Mythic History,Padrão,Cinco,62.71,NÃO
Every Last Word,Padrão,Três,284.86,NÃO
Daily Fantasy Sports,Padrão,Um,224.24,NÃO
Clockwork Angel (The Infernal Devices #1),Padrão,Um,270.58,NÃO
City of Fallen Angels (The Mortal Instruments #4),Padrão,Quatro,68.84,NÃO
City of Bones (The Mortal Instruments #1),Padrão,Um,265.31,NÃO
City of Ashes (The Mortal Instruments #2),Padrão,Um,289.77,NÃO
Carry On. Warrior: Thoughts on Life Unarmed,Padrão,Três,195.24,NÃO
Carrie,Padrão,Dois,283.39,NÃO
Angels & Demons (Robert Langdon #1),Padrão,Três,315.57,NÃO
The Three Searches. Meaning. and the Story,Padrão,Três,81.71,NÃO
Raspberry Pi Electronics Projects for the Evil Genius,Padrão,Quatro,304.48,NÃO
How to Speak Golf: An Illustrated Guide to Links Lingo,Padrão,Cinco,357.5,NÃO
Eleanor & Park,Padrão,Cinco,346.41,NÃO
Troublemaker: Surviving Hollywood and Scientology,Padrão,Dois,296.63,NÃO
Adultery,Padrão,Cinco,127.99,NÃO
Unlimited Intuition Now,Padrão,Quatro,360.87,NÃO
Underlying Notes,Padrão,Dois,72.46,NÃO
The New Brand You: Your New Image Makes the Sale for You,Padrão,Cinco,270.03,NÃO
The Flowers Lied,Padrão,Dois,102.25,NÃO
NaNo What Now? Finding your editing process. revising your NaNoWriMo book and building a writing career through publishing and beyond,Padrão,Quatro,63.81,NÃO
Modern Day Fables,Padrão,Dois,290.81,NÃO
The Unlikely Pilgrimage of Harold Fry (Harold Fry #1),Padrão,Cinco,267.39,NÃO
The Martian (The Martian #1),Padrão,Dois,253.72,NÃO
Left Behind (Left Behind #1),Padrão,Dois,249.61,NÃO
John Vassos: Industrial Design for Modern Life,Padrão,Quatro,123.95,NÃO
I'll Give You the Sun,Padrão,Um,346.22,NÃO
Heaven is for Real: A Little Boy's Astounding Story of His Trip to Heaven and Back,Padrão,Dois,324.03,NÃO
Ender's Game (The Ender Quintet #1),Padrão,Um,267.51,NÃO
Death by Leisure: A Cautionary Tale,Padrão,Quatro,229.94,NÃO
Wildlife of New York: A Five-Borough Coloring Book,Padrão,Dois,135.72,NÃO
The Year of Living Biblically: One Man's Humble Quest to Follow the Bible as Literally as Possible,Padrão,Um,212.83,NÃO
The Great Gatsby,Padrão,Quatro,220.99,NÃO
The Good Girl,Padrão,Três,300.55,NÃO
The 7 Habits of Highly Effective People: Powerful Lessons in Personal Change,Padrão,Quatro,203.33,NÃO
Steal Like an Artist: 10 Things Nobody Told You About Being Creative,Padrão,Dois,128.12,NÃO
Life of Pi,Padrão,Quatro,81.04,NÃO
The Sound Of Love,Padrão,Cinco,354.56,NÃO
The Perks of Being a Wallflower,Padrão,Três,337.27,NÃO
The Makings of a Fatherless Child,Padrão,Dois,193.59,NÃO
The Hobbit (Middle-Earth Universe),Padrão,Cinco,109.11,NÃO
The Fellowship of the Ring (The Lord of the Rings #1),Padrão,Dois,62.96,NÃO
Ship Leaves Harbor: Essays on Travel by a Recovering Journeyman,Padrão,Três,187.58,NÃO
Musicophilia: Tales of Music and the Brain,Padrão,Um,285.54,NÃO
What If?: Serious Scientific Answers to Absurd Hypothetical Questions,Padrão,Quatro,329.06,NÃO
The Fault in Our Stars,Padrão,Um,289.46,NÃO
The Dream Thieves (The Raven Cycle #2),Padrão,Um,211.48,NÃO
The 5th Wave (The 5th Wave #1),Padrão,Dois,72.52,NÃO
Shiver (The Wolves of Mercy Falls #1),Padrão,Cinco,99.49,NÃO
Remember Me?,Padrão,Três,70.37,NÃO
If I Stay (If I Stay #1),Padrão,Cinco,233.74,NÃO
I Know Why the Caged Bird Sings (Maya Angelou's Autobiography #1),Padrão,Dois,224.05,NÃO
Harry Potter and the Deathly Hallows (Harry Potter #7),Padrão,Um,142.95,NÃO
Fool Me Once,Padrão,Um,103.96,NÃO
Drama,Padrão,Dois,237.23,NÃO
Blue Lily. Lily Blue (The Raven Cycle #3),Padrão,Cinco,209.22,NÃO
Alight (The Generations Trilogy #2),Padrão,Quatro,359.16,NÃO
Vogue Colors A to Z: A Fashion Coloring Book,Padrão,Quatro,320.91,NÃO
The Shining (The Shining #1),Padrão,Três,170.9,NÃO
The Hunger Games (The Hunger Games #1),Padrão,Cinco,182.98,NÃO
Outlander (Outlander #1),Padrão,Cinco,120.58,NÃO
Mockingjay (The Hunger Games #3),Padrão,Quatro,125.3,NÃO
Harry Potter and the Sorcerer's Stone (Harry Potter #1),Padrão,Três,85.21,NÃO
Confessions of a Shopaholic (Shopaholic #1),Padrão,Dois,300.0,NÃO
Zero History (Blue Ant #3),Padrão,Um,213.14,NÃO
World War Z: An Oral History of the Zombie War,Padrão,Um,133.63,NÃO
Wild: From Lost to Found on the Pacific Crest Trail,Padrão,Três,282.1,NÃO
Where'd You Go. Bernadette,Padrão,Um,111.14,NÃO
Twilight (Twilight #1),Padrão,Dois,257.03,NÃO
The Paris Wife,Padrão,Três,225.58,NÃO
The Maze Runner (The Maze Runner #1),Padrão,Um,128.3,NÃO
The Lover's Dictionary,Padrão,Dois,356.09,NÃO
The Goldfinch,Padrão,Três,267.15,NÃO
The Giver (The Giver Quartet #1),Padrão,Um,75.4,NÃO
The Girl Who Played with Fire (Millennium Trilogy #2),Padrão,Dois,135.72,NÃO
The Demon-Haunted World: Science as a Candle in the Dark,Padrão,Quatro,320.29,NÃO
The Book Thief,Padrão,Dois,327.89,NÃO
The Autobiography of Malcolm X,Padrão,Dois,143.63,NÃO
Shopaholic & Baby (Shopaholic #5),Padrão,Dois,284.74,NÃO
Quiet: The Power of Introverts in a World That Can't Stop Talking,Padrão,Um,266.96,NÃO
Packing for Mars: The Curious Science of Life in the Void,Padrão,Dois,347.45,NÃO
Orange Is the New Black,Padrão,Dois,150.86,NÃO
One for the Money (Stephanie Plum #1),Padrão,Dois,201.49,NÃO
Morning Star (Red Rising #3),Padrão,Um,180.22,NÃO
Life After Life,Padrão,Dois,160.18,NÃO
Lean In: Women. Work. and the Will to Lead,Padrão,Um,153.37,NÃO
Is Everyone Hanging Out Without Me? (And Other Concerns),Padrão,Três,123.27,NÃO
Gone Girl,Padrão,Cinco,230.49,NÃO
Fellside,Padrão,Um,236.74,NÃO
Eclipse (Twilight #3),Padrão,Um,114.88,NÃO
Dracula,Padrão,Três,322.56,NÃO
Dead Wake: The Last Crossing of the Lusitania,Padrão,Cinco,240.54,NÃO
David and Goliath: Underdogs. Misfits. and the Art of Battling Giants,Padrão,Um,109.18,NÃO
Dark Places,Padrão,Cinco,146.51,NÃO
Breaking Dawn (Twilight #4),Padrão,Cinco,216.27,NÃO
Beautiful Creatures (Caster Chronicles #1),Padrão,Cinco,132.1,NÃO
A Visit from the Goon Squad,Padrão,Cinco,86.31,NÃO
The Zombie Room,Padrão,Cinco,120.7,NÃO
The Name of the Wind (The Kingkiller Chronicle #1),Padrão,Três,310.12,NÃO
Taking Shots (Assassins #1),Padrão,Dois,115.73,NÃO
Shatter Me (Shatter Me #1),Padrão,Um,259.91,NÃO
Paradise Lost (Paradise #1),Padrão,Um,153.0,NÃO
On the Road (Duluoz Legend),Padrão,Três,198.37,NÃO
Jane Eyre,Padrão,Cinco,235.58,NÃO
Frankenstein,Padrão,Dois,232.94,NÃO
Mesaerion: The Best Science Fiction Stories 1800-1849,Science Fiction,Um,230.43,NÃO
Join,Science Fiction,Cinco,218.66,NÃO
William Shakespeare's Star Wars: Verily. A New Hope (William Shakespeare's Star Wars #4),Science Fiction,Quatro,265.43,NÃO
The Project,Science Fiction,Um,65.28,NÃO
Soft Apocalypse,Science Fiction,Dois,160.12,NÃO
Sleeping Giants (Themis Files #1),Science Fiction,Um,298.78,NÃO
Arena,Science Fiction,Quatro,130.94,NÃO
Foundation (Foundation (Publication Order) #1),Science Fiction,Um,198.73,NÃO
The Restaurant at the End of the Universe (Hitchhiker's Guide to the Galaxy #2),Science Fiction,Um,66.94,NÃO
Ready Player One,Science Fiction,Quatro,116.9,NÃO
Life. the Universe and Everything (Hitchhiker's Guide to the Galaxy #3),Science Fiction,Dois,203.88,NÃO
Dune (Dune #1),Science Fiction,Um,336.29,NÃO
Do Androids Dream of Electric Sheep? (Blade Runner #1),Science Fiction,Um,315.57,NÃO
Three Wishes (River of Time: California #1),Science Fiction,Dois,270.82,NÃO
The Last Girl (The Dominion Trilogy #1),Science Fiction,Dois,222.27,NÃO
Having the Barbarian's Baby (Ice Planet Barbarians #7.5),Science Fiction,Quatro,214.3,NÃO
The Book of Basketball: The NBA According to The Sports Guy,Sports and Games,Cinco,274.87,NÃO
Friday Night Lights: A Town. a Team. and a Dream,Sports and Games,Três,313.98,NÃO
Sugar Rush (Offensive Line #2),Sports and Games,Um,149.69,NÃO
Settling the Score (The Summer Games #1),Sports and Games,Dois,275.3,NÃO
Icing (Aces Hockey #2),Sports and Games,Quatro,247.9,NÃO
The Torch Is Passed: A Harding Family Story,Sem Categoria,Um,117.02,NÃO
The Mindfulness and Acceptance Workbook for Anxiety: A Guide to Breaking Free from Anxiety. Phobias. and Worry Using Acceptance and Commitment Therapy,Sem Categoria,Quatro,146.45,NÃO
The Art Forger,Sem Categoria,Três,249.86,NÃO
On a Midnight Clear,Sem Categoria,Três,86.25,NÃO
Judo: Seven Steps to Black Belt (an Introductory Guide for Beginners),Sem Categoria,Dois,330.41,NÃO
Shobu Samurai. Project Aryoku (#3),Sem Categoria,Três,178.14,NÃO
Modern Romance,Sem Categoria,Cinco,173.23,NÃO
The White Queen (The Cousins' War #1),Sem Categoria,Cinco,158.83,NÃO
The Song of Achilles,Sem Categoria,Cinco,229.26,NÃO
The Immortal Life of Henrietta Lacks,Sem Categoria,Dois,249.31,NÃO
The Dovekeepers,Sem Categoria,Um,299.02,NÃO
More Than Music (Chasing the Dream #1),Sem Categoria,Dois,230.55,NÃO
Code Name Verity (Code Name Verity #1),Sem Categoria,Quatro,135.66,NÃO
Cell,Sem Categoria,Quatro,124.38,NÃO
Angels Walking (Angels Walking #1),Sem Categoria,Dois,209.65,NÃO
A Series of Catastrophes and Miracles: A True Story of Love. Science. and Cancer,Sem Categoria,Dois,346.22,NÃO
A People's History of the United States,Sem Categoria,Dois,250.04,NÃO
A Brush of Wings (Angels Walking #3),Sem Categoria,Um,340.28,NÃO
Rook,Sem Categoria,Quatro,232.08,NÃO
The Midnight Watch: A Novel of the Titanic and the Californian,Sem Categoria,Um,160.61,NÃO
The Gray Rhino: How to Recognize and Act on the Obvious Dangers We Ignore,Sem Categoria,Quatro,362.59,NÃO
The Children,Sem Categoria,Três,72.82,NÃO
One with You (Crossfire #5),Sem Categoria,Quatro,96.3,NÃO
Without Shame,Sem Categoria,Cinco,295.9,NÃO
Watchmen,Sem Categoria,Quatro,355.85,NÃO
A Hero's Curse (The Unseen Chronicles #1),Sem Categoria,Três,309.5,NÃO
23 Degrees South: A Tropical Tale of Changing Whether...,Sem Categoria,Dois,219.39,NÃO
The Glass Castle,Sem Categoria,Um,99.55,NÃO
The Drowning Girls,Sem Categoria,Três,218.66,NÃO
Team of Rivals: The Political Genius of Abraham Lincoln,Sem Categoria,Cinco,123.34,NÃO
John Adams,Sem Categoria,Quatro,352.05,NÃO
Good in Bed (Cannie Shapiro #1),Sem Categoria,Cinco,227.12,NÃO
The Joy of Cooking,Sem Categoria,Quatro,265.25,NÃO
The Golden Compass (His Dark Materials #1),Sem Categoria,Um,115.06,NÃO
The God Delusion,Sem Categoria,Três,287.19,NÃO
Pride and Prejudice,Sem Categoria,Quatro,118.13,NÃO
Mere Christianity,Sem Categoria,Três,297.37,NÃO
Fun Home: A Family Tragicomic,Sem Categoria,Quatro,346.9,NÃO
The Raven King (The Raven Cycle #4),Sem Categoria,Dois,187.39,NÃO
Find Her (Detective D.D. Warren #8),Sem Categoria,Um,137.13,NÃO
Evicted: Poverty and Profit in the American City,Sem Categoria,Um,259.12,NÃO
A Game of Thrones (A Song of Ice and Fire #1),Sem Categoria,Dois,284.55,NÃO
A Clash of Kings (A Song of Ice and Fire #2),Sem Categoria,Três,66.14,NÃO
The Tipping Point: How Little Things Can Make a Big Difference,Sem Categoria,Dois,61.42,NÃO
The Rest Is Noise: Listening to the Twentieth Century,Sem Categoria,Um,213.14,NÃO
The Purpose Driven Life: What on Earth Am I Here for?,Sem Categoria,Três,227.97,NÃO
The Hitchhiker's Guide to the Galaxy (Hitchhiker's Guide to the Galaxy #1),Sem Categoria,Três,293.01,NÃO
The Girl Who Kicked the Hornet's Nest (Millennium Trilogy #3),Sem Categoria,Um,352.35,NÃO
The End of Faith: Religion. Terror. and the Future of Reason,Sem Categoria,Quatro,135.66,NÃO
The Complete Poems,Sem Categoria,Cinco,253.29,NÃO
The Catcher in the Rye,Sem Categoria,Um,150.49,NÃO
The Case for Christ (Cases for Christianity),Sem Categoria,Um,293.26,NÃO
The Blind Side: Evolution of a Game,Sem Categoria,Cinco,329.24,NÃO
Seven Days in the Art World,Sem Categoria,Dois,320.78,NÃO
Sarah's Key,Sem Categoria,Um,283.76,NÃO
Rogue Lawyer (Rogue Lawyer #1),Sem Categoria,Três,307.17,NÃO
Manuscript Found in Accra,Sem Categoria,Dois,214.43,NÃO
Fire Bound (Sea Haven/Sisters of the Heart #5),Sem Categoria,Quatro,130.45,NÃO
Cosmos,Sem Categoria,Dois,221.72,NÃO
#GIRLBOSS,Sem Categoria,Um,312.38,NÃO
The Sense of an Ending,Sem Categoria,Três,192.36,NÃO
The Republic,Sem Categoria,Três,207.07,NÃO
The Odyssey,Sem Categoria,Três,181.69,NÃO
The Light of the Fireflies,Sem Categoria,Um,333.66,NÃO
The Iliad,Sem Categoria,Um,99.06,NÃO
The Communist Manifesto,Sem Categoria,Três,90.48,NÃO
Lord of the Flies,Sem Categoria,Três,152.58,NÃO
Unicorn Tracks,Fantasia,Três,115.12,NÃO
Saga. Volume 6 (Saga (Collected Editions) #6),Fantasia,Três,153.37,NÃO
Princess Between Worlds (Wide-Awake Princess #5),Fantasia,Cinco,81.77,NÃO
Masks and Shadows,Fantasia,Dois,345.73,NÃO
Crown of Midnight (Throne of Glass #2),Fantasia,Três,265.37,NÃO
Avatar: The Last Airbender: Smoke and Shadow. Part 3 (Smoke and Shadow #3),Fantasia,Dois,172.19,NÃO
A Court of Thorns and Roses (A Court of Thorns and Roses #1),Fantasia,Um,321.03,NÃO
Throne of Glass (Throne of Glass #1),Fantasia,Três,214.98,NÃO
The Glittering Court (The Glittering Court #1),Fantasia,Um,271.44,NÃO
Hollow City (Miss Peregrineâs Peculiar Children #2),Fantasia,Um,263.47,NÃO
The Star-Touched Queen,Fantasia,Cinco,282.1,NÃO
The Hidden Oracle (The Trials of Apollo #1),Fantasia,Dois,320.35,NÃO
The Bane Chronicles (The Bane Chronicles #1-11),Fantasia,Quatro,274.19,NÃO
Island of Dragons (Unwanteds #7),Fantasia,Um,181.75,NÃO
Demigods & Magicians: Percy and Annabeth Meet the Kanes (Percy Jackson & Kane Chronicles Crossover #1-3),Fantasia,Cinco,229.94,NÃO
City of Glass (The Mortal Instruments #3),Fantasia,Quatro,343.4,NÃO
Searching for Meaning in Gailana,Fantasia,Um,237.41,NÃO
The Star-Touched Queen,Fantasia,Cinco,198.0,NÃO
A Shard of Ice (The Black Symphony Saga #1),Fantasia,Três,347.14,NÃO
King's Folly (The Kinsman Chronicles #1),Fantasia,Cinco,242.81,NÃO
Every Heart a Doorway (Every Heart A Doorway #1),Fantasia,Cinco,74.54,NÃO
A Gathering of Shadows (Shades of Magic #2),Fantasia,Quatro,274.69,NÃO
The Raven Boys (The Raven Cycle #1),Fantasia,Quatro,353.95,NÃO
The False Prince (The Ascendance Trilogy #1),Fantasia,Cinco,343.28,NÃO
Tell the Wind and Fire,Fantasia,Três,278.98,NÃO
A Feast for Crows (A Song of Ice and Fire #4),Fantasia,Quatro,105.5,NÃO
The Demonists (Demonist #1),Fantasia,Dois,319.43,NÃO
The Beast (Black Dagger Brotherhood #14),Fantasia,Cinco,282.47,NÃO
Paper and Fire (The Great Library #2),Fantasia,Cinco,303.13,NÃO
Harry Potter and the Order of the Phoenix (Harry Potter #5),Fantasia,Quatro,193.89,NÃO
Harry Potter and the Half-Blood Prince (Harry Potter #6),Fantasia,Cinco,298.84,NÃO
Harry Potter and the Chamber of Secrets (Harry Potter #2),Fantasia,Um,90.36,NÃO
The Rose & the Dagger (The Wrath and the Dawn #2),Fantasia,Quatro,359.46,NÃO
Soldier (Talon #3),Fantasia,Dois,151.53,NÃO
Midnight Riot (Peter Grant/ Rivers of London - books #1),Fantasia,Dois,339.97,NÃO
Heir to the Sky,Fantasia,Quatro,270.15,NÃO
Eragon (The Inheritance Cycle #1),Fantasia,Três,268.92,NÃO
Darkfever (Fever #1),Fantasia,Um,343.4,NÃO
Ash,Fantasia,Quatro,135.23,NÃO
A Storm of Swords (A Song of Ice and Fire #3),Fantasia,Dois,191.38,NÃO
Vampire Girl (Vampire Girl #1),Fantasia,Dois,329.92,NÃO
The Silent Twin (Detective Jennifer Knight #3),Fantasia,Três,222.21,NÃO
The Mirror & the Maze (The Wrath and the Dawn #1.5),Fantasia,Um,180.1,NÃO
Sister Sable (The Mad Queen #1),Fantasia,Três,81.71,NÃO
Shadow Rites (Jane Yellowrock #10),Fantasia,Quatro,133.14,NÃO
Origins (Alphas 0.5),Fantasia,Um,177.71,NÃO
One Second (Seven #7),Fantasia,Dois,324.52,NÃO
Myriad (Prentor #1),Fantasia,Quatro,360.14,NÃO
Without Borders (Wanderlove #1),Novo Adulto,Dois,276.28,NÃO
The Mistake (Off-Campus #2),Novo Adulto,Três,265.37,NÃO
The Matchmaker's Playbook (Wingmen Inc. #1),Novo Adulto,Um,342.36,NÃO
The Hook Up (Game On #1),Novo Adulto,Cinco,222.46,NÃO
Shameless,Novo Adulto,Três,357.69,NÃO
Off Sides (Off #1),Novo Adulto,Cinco,241.83,NÃO
The Requiem Red,Jovem Adulto,Um,138.84,NÃO
Set Me Free,Jovem Adulto,Cinco,107.03,NÃO
The Natural History of Us (The Fine Art of Pretending #2),Jovem Adulto,Três,277.2,NÃO
Obsidian (Lux #1),Jovem Adulto,Dois,91.09,NÃO
Burning,Jovem Adulto,Três,176.61,NÃO
A Fierce and Subtle Poison,Jovem Adulto,Quatro,172.44,NÃO
Scarlett Epstein Hates It Here,Jovem Adulto,Cinco,266.96,NÃO
Nightingale. Sing,Jovem Adulto,Um,234.66,NÃO
Library of Souls (Miss Peregrineâs Peculiar Children #3),Jovem Adulto,Cinco,297.67,NÃO
Frostbite (Vampire Academy #2),Jovem Adulto,Cinco,183.84,NÃO
Wild Swans,Jovem Adulto,Dois,88.03,NÃO
Until Friday Night (The Field Party #1),Jovem Adulto,Dois,283.88,NÃO
This Is Where It Ends,Jovem Adulto,Dois,166.25,NÃO
The Darkest Lie,Jovem Adulto,Cinco,216.7,NÃO
My Kind of Crazy,Jovem Adulto,Um,247.41,NÃO
Don't Get Caught,Jovem Adulto,Um,339.3,NÃO
Catching Jordan (Hundred Oaks),Jovem Adulto,Três,311.59,NÃO
Aristotle and Dante Discover the Secrets of the Universe (Aristotle and Dante Discover the Secrets of the Universe #1),Jovem Adulto,Quatro,356.4,NÃO
The Epidemic (The Program 0.6),Jovem Adulto,Cinco,88.52,NÃO
Stars Above (The Lunar Chronicles #4.5),Jovem Adulto,Dois,294.55,NÃO
No Love Allowed (Dodge Cove #1),Jovem Adulto,Quatro,335.0,NÃO
Exit. Pursued by a Bear,Jovem Adulto,Quatro,314.71,NÃO
The Alien Club,Jovem Adulto,Um,333.47,NÃO
Don't Forget Steven,Jovem Adulto,Um,203.7,NÃO
South of Sunshine,Jovem Adulto,Um,177.34,NÃO
My Life Next Door (My Life Next Door ),Jovem Adulto,Cinco,223.07,NÃO
Future Shock (Future Shock #1),Jovem Adulto,Cinco,341.13,NÃO
Nightstruck: A Novel,Jovem Adulto,Quatro,308.65,NÃO
Tell the Wolves I'm Home,Jovem Adulto,Dois,312.38,NÃO
Will Grayson. Will Grayson (Will Grayson. Will Grayson),Jovem Adulto,Quatro,290.01,NÃO
Where She Went (If I Stay #2),Jovem Adulto,Quatro,255.8,NÃO
Two Summers,Jovem Adulto,Um,89.74,NÃO
The Darkest Corners,Jovem Adulto,Cinco,69.45,NÃO
Tell Me Three Things,Jovem Adulto,Um,256.3,NÃO
Lola and the Boy Next Door (Anna and the French Kiss #2),Jovem Adulto,Quatro,144.85,NÃO
Kill the Boy Band,Jovem Adulto,Cinco,95.14,NÃO
Isla and the Happily Ever After (Anna and the French Kiss #3),Jovem Adulto,Cinco,295.04,NÃO
An Abundance of Katherines,Jovem Adulto,Cinco,61.3,NÃO
Harry Potter and the Prisoner of Azkaban (Harry Potter #3),Jovem Adulto,Quatro,148.16,NÃO
Walk the Edge (Thunder Road #2),Jovem Adulto,Três,198.37,NÃO
Two Boys Kissing,Jovem Adulto,Dois,200.7,NÃO
The New Guy (and Other Senior Year Distractions),Jovem Adulto,Três,275.36,NÃO
The Land of 10.000 Madonnas,Jovem Adulto,Quatro,181.69,NÃO
Scarlet (The Lunar Chronicles #2),Jovem Adulto,Quatro,89.31,NÃO
Legend (Legend #1),Jovem Adulto,Quatro,267.82,NÃO
Lady Renegades (Rebel Belle #3),Jovem Adulto,Cinco,325.14,NÃO
Golden (Heart of Dread #3),Jovem Adulto,Quatro,258.75,NÃO
Cinder (The Lunar Chronicles #1),Jovem Adulto,Um,159.93,NÃO
Boy Meets Boy,Jovem Adulto,Três,129.47,NÃO
Annie on My Mind,Jovem Adulto,Cinco,225.77,NÃO
New Moon (Twilight #2),Jovem Adulto,Quatro,78.83,NÃO
Girl Online On Tour (Girl Online #2),Jovem Adulto,Um,327.77,NÃO
The Haters,Jovem Adulto,Cinco,170.97,NÃO
The Art of Not Breathing,Jovem Adulto,Quatro,250.29,NÃO
The Most Perfect Thing: Inside (and Outside) a Bird's Egg,Ciência,Quatro,263.34,NÃO
Immunity: How Elie Metchnikoff Changed the Course of Modern Medicine,Ciência,Cinco,351.62,NÃO
Sorting the Beef from the Bull: The Science of Food Fraud Forensics,Ciência,Quatro,274.26,NÃO
Tipping Point for Planet Earth: How Close Are We to the Edge?,Ciência,Um,230.18,NÃO
The Fabric of the Cosmos: Space. Time. and the Texture of Reality,Ciência,Um,342.73,NÃO
Diary of a Citizen Scientist: Chasing Tiger Beetles and Other New Ways of Engaging the World,Ciência,Um,174.15,NÃO
The Origin of Species,Ciência,Quatro,61.36,NÃO
The Grand Design,Ciência,Três,84.35,NÃO
Peak: Secrets from the New Science of Expertise,Ciência,Dois,99.8,NÃO
The Elegant Universe: Superstrings. Hidden Dimensions. and the Quest for the Ultimate Theory,Ciência,Quatro,79.87,NÃO
The Disappearing Spoon: And Other True Tales of Madness. Love. and the History of the World from the Periodic Table of the Elements,Ciência,Cinco,351.56,NÃO
Surely You're Joking. Mr. Feynman!: Adventures of a Curious Character,Ciência,Dois,158.34,NÃO
Seven Brief Lessons on Physics,Ciência,Quatro,187.58,NÃO
The Selfish Gene,Ciência,Um,180.53,NÃO
A Light in the Attic,Poesia,Três,317.35,NÃO
The Black Maria,Poesia,Um,319.68,NÃO
Shakespeare's Sonnets,Poesia,Quatro,126.65,NÃO
Olio,Poesia,Um,146.38,NÃO
You can't bury them all: Poems,Poesia,Dois,206.15,NÃO
Slow States of Collapse: Poems,Poesia,Três,351.31,NÃO
Untitled Collection: Sabbath Poems 2014,Poesia,Quatro,87.48,NÃO
Poems That Make Grown Women Cry,Poesia,Quatro,86.98,NÃO
Night Sky with Exit Wounds,Poesia,Um,251.64,NÃO
salt.,Poesia,Quatro,286.76,NÃO
Quarter Life Poetry: Poems for the Young. Broke and Hangry,Poesia,Cinco,311.96,NÃO
Out of Print: City Lights Spotlight No. 14,Poesia,Cinco,328.81,NÃO
Les Fleurs du Mal,Poesia,Cinco,178.02,NÃO
Howl and Other Poems,Poesia,Dois,247.96,NÃO
Leave This Song Behind: Teen Poetry at Its Best,Poesia,Cinco,313.67,NÃO
The Collected Poems of W.B. Yeats (The Collected Works of W.B. Yeats #1),Poesia,Cinco,94.52,NÃO
The Crossover,Poesia,Quatro,237.66,NÃO
Booked,Poesia,Cinco,107.21,NÃO
Twenty Love Poems and a Song of Despair,Poesia,Quatro,189.72,NÃO
Vampire Knight. Vol. 1 (Vampire Knight #1),Paranormal,Um,94.4,NÃO
Wall and Piece,Arte,Quatro,270.82,NÃO
Feathers: Displays of Brilliant Plumage,Arte,Três,300.68,NÃO
Art and Fear: Observations on the Perils (and Rewards) of Artmaking,Arte,Quatro,298.1,NÃO
The New Drawing on the Right Side of the Brain,Arte,Três,263.71,NÃO
History of Beauty,Arte,Quatro,63.08,NÃO
The Story of Art,Arte,Quatro,252.19,NÃO
The Art Book,Arte,Dois,198.24,NÃO
Ways of Seeing,Arte,Cinco,242.2,NÃO
The Lucifer Effect: Understanding How Good People Turn Evil,Psicologia,Um,63.75,NÃO
The Golden Condom: And Other Essays on Love Lost and Found,Psicologia,Um,241.71,NÃO
It Didn't Start with You: How Inherited Family Trauma Shapes Who We Are and How to End the Cycle,Psicologia,Três,344.94,NÃO
An Unquiet Mind: A Memoir of Moods and Madness,Psicologia,Três,130.57,NÃO
Thinking. Fast and Slow,Psicologia,Um,129.59,NÃO
Civilization and Its Discontents,Psicologia,Dois,367.49,NÃO
8 Keys to Mental Health Through Exercise,Psicologia,Um,190.28,NÃO
The Argonauts,Autobiografia,Dois,67.0,NÃO
M Train,Autobiografia,Um,166.61,NÃO
Lab Girl,Autobiografia,Um,250.41,NÃO
Approval Junkie: Adventures in Caring Too Much,Autobiografia,Cinco,360.51,NÃO
Running with Scissors,Autobiografia,Quatro,79.14,NÃO
Me Talk Pretty One Day,Autobiografia,Dois,353.09,NÃO
Lust & Wonder,Autobiografia,Dois,72.76,NÃO
Life Without a Recipe,Autobiografia,Cinco,361.92,NÃO
A Heartbreaking Work of Staggering Genius,Autobiografia,Cinco,332.8,NÃO
Catastrophic Happiness: Finding Joy in Childhood's Messy Years,Criação de filhos,Dois,228.96,NÃO
Fifty Shades Freed (Fifty Shades #3),Ficção Adulta,Cinco,94.16,NÃO
The Long Haul (Diary of a Wimpy Kid #9),Humor,Um,270.15,NÃO
Old School (Diary of a Wimpy Kid #10),Humor,Cinco,72.52,NÃO
I Know What I'm Doing -- and Other Lies I Tell Myself: Dispatches from a Life Under Construction,Humor,Quatro,159.26,NÃO
Hyperbole and a Half: Unfortunate Situations. Flawed Coping Mechanisms. Mayhem. and Other Things That Happened,Humor,Cinco,90.42,NÃO
Dress Your Family in Corduroy and Denim,Humor,Três,267.76,NÃO
Toddlers Are A**holes: It's Not Your Fault,Humor,Um,156.62,NÃO
When You Are Engulfed in Flames,Humor,Cinco,189.36,NÃO
Naked,Humor,Três,194.26,NÃO
Lamb: The Gospel According to Biff. Christ's Childhood Pal,Humor,Cinco,340.21,NÃO
Holidays on Ice,Humor,Dois,313.06,NÃO
Security,Horror,Dois,240.6,NÃO
Follow You Home,Horror,Um,130.94,NÃO
The Loney,Horror,Um,143.44,NÃO
Pet Sematary,Horror,Três,64.73,NÃO
Doctor Sleep (The Shining #2),Horror,Dois,245.94,NÃO
Psycho: Sanitarium (Psycho #1.5),Horror,Cinco,226.63,NÃO
Can You Keep a Secret? (Fear Street Relaunch #4),Horror,Um,298.16,NÃO
Red Dragon (Hannibal Lecter #1),Horror,Três,143.26,NÃO
Dracula the Un-Dead,Horror,Cinco,218.41,NÃO
Night Shift (Night Shift #1-20),Horror,Quatro,78.16,NÃO
Needful Things,Horror,Quatro,291.24,NÃO
Misery,Horror,Dois,213.26,NÃO
It,Horror,Três,153.31,NÃO
'Salem's Lot,Horror,Quatro,303.8,NÃO
The Stand,Horror,Dois,354.68,NÃO
The Girl with All the Gifts,Horror,Três,303.25,NÃO
House of Leaves,Horror,Um,336.48,NÃO
Sapiens: A Brief History of Humankind,História,Cinco,332.43,NÃO
Unbound: How Eight Technologies Made Us Human. Transformed Society. and Brought Our World to the Brink,História,Um,156.44,NÃO
The Age of Genius: The Seventeenth Century and the Birth of the Modern Mind,História,Um,120.94,NÃO
Political Suicide: Missteps. Peccadilloes. Bad Calls. Backroom Hijinx. Sordid Pasts. Rotten Breaks. and Just Plain Dumb Mistakes in the Annals of American Politics,História,Dois,222.4,NÃO
Thomas Jefferson and the Tripoli Pirates: The Forgotten War That Changed American History,História,Um,365.59,NÃO
Zealot: The Life and Times of Jesus of Nazareth,História,Três,151.41,NÃO
A Distant Mirror: The Calamitous 14th Century,História,Três,89.38,NÃO
1491: New Revelations of the Americas Before Columbus,História,Três,133.63,NÃO
Brilliant Beacons: A History of the American Lighthouse,História,Três,70.19,NÃO
Most Blessed of the Patriarchs: Thomas Jefferson and the Empire of the Imagination,História,Cinco,272.66,NÃO
A Short History of Nearly Everything,História,Cinco,321.21,NÃO
The Rise and Fall of the Third Reich: A History of Nazi Germany,História,Dois,243.18,NÃO
Catherine the Great: Portrait of a Woman,História,Quatro,358.91,NÃO
The Mathews Men: Seven Brothers and the War Against Hitler's U-boats,História,Cinco,263.04,NÃO
The Hiding Place,História,Quatro,342.73,NÃO
America's War for the Greater Middle East: A Military History,História,Dois,313.98,NÃO
The Guns of August,História,Dois,89.13,NÃO
House of Lost Worlds: Dinosaurs. Dynasties. and the Story of Life on Earth,História,Dois,267.88,NÃO
Foolproof Preserving: A Guide to Small Batch Jams. Jellies. Pickles. Condiments. and More: A Foolproof Guide to Making Small Batch Jams. Jellies. Pickles. Condiments. and More,Comida,Três,187.09,NÃO
The Pioneer Woman Cooks: Dinnertime: Comfort Classics. Freezer Food. 16-Minute Meals. and Other Delicious Ways to Solve Supper!,Comida,Um,345.79,NÃO
My Paris Kitchen: Recipes and Stories,Comida,Dois,204.56,NÃO
Mama Tried: Traditional Italian Cooking for the Screwed. Crude. Vegan. and Tattooed,Comida,Quatro,85.94,NÃO
Layered: Baking. Building. and Styling Spectacular Cakes,Comida,Um,245.87,NÃO
The Nerdy Nummies Cookbook: Sweet Treats for the Geek in All of Us,Comida,Cinco,228.89,NÃO
The Love and Lemons Cookbook: An Apple-to-Zucchini Celebration of Impromptu Cooking,Comida,Dois,230.49,NÃO
The Cookies & Cups Cookbook: 125+ sweet & savory recipes reminding you to Always Eat Dessert First,Comida,Um,252.86,NÃO
Deliciously Ella Every Day: Quick and Easy Recipes for Gluten-Free Snacks. Packed Lunches. and Simple Meals,Comida,Três,258.44,NÃO
The Help Yourself Cookbook for Kids: 60 Easy Plant-Based Recipes Kids Can Make to Stay Healthy and Save the Earth,Comida,Três,176.36,NÃO
It's All Easy: Healthy. Delicious Weeknight Meals in under 30 Minutes,Comida,Um,119.84,NÃO
Barefoot Contessa Back to Basics,Comida,Um,171.7,NÃO
Barefoot Contessa at Home: Everyday Recipes You'll Make Over and Over Again,Comida,Cinco,310.3,NÃO
My Kitchen Year: 136 Recipes That Saved My Life,Comida,Dois,70.68,NÃO
Everyday Italian: 125 Simple and Delicious Recipes,Comida,Cinco,123.21,NÃO
A la Mode: 120 Recipes in 60 Pairings: Pies. Tarts. Cakes. Crisps. and More Topped with Ice Cream. Gelato. Frozen Custard. and More,Comida,Um,237.66,NÃO
Cravings: Recipes for What You Want to Eat,Comida,Três,125.66,NÃO
The Moosewood Cookbook: Recipes from Moosewood Restaurant. Ithaca. New York,Comida,Quatro,75.64,NÃO
32 Yolks,Comida,Dois,328.75,NÃO
Naturally Lean: 125 Nourishing Gluten-Free. Plant-Based Recipes--All Under 300 Calories,Comida,Cinco,69.76,NÃO
How to Cook Everything Vegetarian: Simple Meatless Recipes for Great Food (How to Cook Everything),Comida,Quatro,282.04,NÃO
How to Be a Domestic Goddess: Baking and the Art of Comfort Cooking,Comida,Dois,173.17,NÃO
The Barefoot Contessa Cookbook,Comida,Cinco,367.31,NÃO
Better Homes and Gardens New Cook Book,Comida,Três,242.81,NÃO
The Power Greens Cookbook: 140 Delicious Superfood Recipes,Comida,Cinco,67.74,NÃO
Mexican Today: New and Rediscovered Recipes for Contemporary Kitchens,Comida,Cinco,152.7,NÃO
Vegan Vegetarian Omnivore: Dinner for Everyone at the Table,Comida,Dois,83.74,NÃO
The Smitten Kitchen Cookbook,Comida,Um,144.61,NÃO
The Art of Simple Food: Notes. Lessons. and Recipes from a Delicious Revolution,Comida,Três,210.38,NÃO
Hungry Girl Clean & Hungry: Easy All-Natural Recipes for Healthy Eating in the Real World,Comida,Três,203.15,NÃO
Redeeming Love,Ficção Cristã,Cinco,125.48,NÃO
Close to You,Ficção Cristã,Quatro,303.19,NÃO
Shadows of the Past (Logan Point #1),Ficção Cristã,Cinco,243.18,NÃO
Like Never Before (Walker Family #2),Ficção Cristã,Dois,176.36,NÃO
Counted With the Stars (Out from Egypt #1),Ficção Cristã,Cinco,110.16,NÃO
If I Run (If I Run #1),Ficção Cristã,Quatro,306.32,NÃO
The Dirty Little Secrets of Getting Your Dream Job,Negocios,Quatro,204.37,NÃO
The Third Wave: An Entrepreneurâs Vision of the Future,Negocios,Cinco,77.3,NÃO
The 10% Entrepreneur: Live Your Startup Dream Without Quitting Your Day Job,Negocios,Três,168.88,NÃO
Shoe Dog: A Memoir by the Creator of NIKE,Negocios,Dois,147.06,NÃO
Made to Stick: Why Some Ideas Survive and Others Die,Negocios,Cinco,238.15,NÃO
Quench Your Own Thirst: Business Lessons Learned Over a Beer or Two,Negocios,Um,264.45,NÃO
The Art of Startup Fundraising,Negocios,Três,128.73,NÃO
Born for This: How to Find the Work You Were Meant to Do,Negocios,Cinco,132.35,NÃO
The E-Myth Revisited: Why Most Small Businesses Don't Work and What to Do About It,Negocios,Um,226.26,NÃO
Rich Dad. Poor Dad,Negocios,Um,317.17,NÃO
The Lean Startup: How Today's Entrepreneurs Use Continuous Innovation to Create Radically Successful Businesses,Negocios,Três,207.93,NÃO
Rework,Negocios,Dois,275.11,NÃO
Louisa: The Extraordinary Life of Mrs. Adams,Biography,Dois,103.29,NÃO
Setting the World on Fire: The Brief. Astonishing Life of St. Catherine of Siena,Biography,Dois,129.65,NÃO
The Faith of Christopher Hitchens: The Restless Soul of the World's Most Notorious Atheist,Biography,Um,242.44,NÃO
Benjamin Franklin: An American Life,Biography,Três,295.4,NÃO
The Rise of Theodore Roosevelt (Theodore Roosevelt #1),Biography,Três,260.95,NÃO
In Her Wake,Ação,Um,78.71,NÃO
The Elephant Tree,Ação,Cinco,146.02,NÃO
Behind Closed Doors,Ação,Quatro,320.11,NÃO
You (You #1),Ação,Cinco,267.33,NÃO
The Guilty (Will Robie #4),Ação,Dois,84.72,NÃO
The 14th Colony (Cotton Malone #11),Ação,Um,240.54,NÃO
Give It Back,Ação,Dois,112.3,NÃO
Killing Floor (Jack Reacher #1),Ação,Quatro,193.03,NÃO
The Bone Hunters (Lexy Vaughan & Steven Macaulay #2),Ação,Três,366.02,NÃO
Far From True (Promise Falls Trilogy #2),Ação,Dois,214.12,NÃO
The Travelers,Ação,Um,96.67,NÃO
When We Collided,Conteporâneo,Um,194.75,NÃO
Someone Like You (The Harrisons #2),Conteporâneo,Cinco,323.6,NÃO
We Are All Completely Beside Ourselves,Conteporâneo,Um,147.37,NÃO
The Four Agreements: A Practical Guide to Personal Freedom,Religioso,Cinco,108.26,NÃO
The Activist's Tao Te Ching: Ancient Advice for a Modern Revolution,Religioso,Cinco,197.63,NÃO
Chasing Heaven: What Dying Taught Me About Living,Religioso,Dois,231.71,NÃO
If I Gave You God's Phone Number....: Searching for Spirituality in America,Religioso,Um,128.18,NÃO
Unreasonable Hope: Finding Faith in the God Who Brings Purpose to Your Pain,Religioso,Dois,284.0,NÃO
A New Earth: Awakening to Your Life's Purpose,Religioso,Cinco,341.13,NÃO
Logan Kade (Fallen Crest High #5.5),Acadêmico,Dois,80.43,NÃO
Online Marketing for Busy Authors: A Step-By-Step Guide,Auto-ajuda,Um,284.13,NÃO
How to Be Miserable: 40 Strategies You Already Use,Auto-ajuda,Um,282.16,NÃO
Overload: How to Unplug. Unwind. and Unleash Yourself from the Pressure of Stress,Auto-ajuda,Três,319.68,NÃO
You Are a Badass: How to Stop Doubting Your Greatness and Start Living an Awesome Life,Auto-ajuda,Três,74.05,NÃO
How to Stop Worrying and Start Living,Auto-ajuda,Cinco,284.98,NÃO
All the Light We Cannot See,Historical,Cinco,183.1,NÃO
The Girl You Left Behind (The Girl You Left Behind #1),Historical,Um,96.79,NÃO
(Un)Qualified: How God Uses Broken People to Do Big Things,Cristão,Cinco,331.02,NÃO
Crazy Love: Overwhelmed by a Relentless God,Cristão,Dois,292.52,NÃO
Blue Like Jazz: Nonreligious Thoughts on Christian Spirituality,Cristão,Um,157.97,NÃO
Silence in the Dark (Logan Point #4),Suspense,Três,357.56,NÃO
The Grownup,Short Stories,Um,219.94,NÃO
Suzie Snowflake: One beautiful flake (a self-esteem story),Novels,Cinco,335.99,NÃO
The Bulletproof Diet: Lose up to a Pound a Day. Reclaim Energy and Focus. Upgrade Your Life,Saúde,Três,300.68,NÃO
Eat Fat. Get Thin,Saúde,Dois,331.45,NÃO
10-Day Green Smoothie Cleanse: Lose Up to 15 Pounds in 10 Days!,Saúde,Cinco,304.72,NÃO
The Art and Science of Low Carbohydrate Living,Saúde,Cinco,324.77,NÃO
Libertarianism for Beginners,Politica,Dois,314.65,NÃO
Why the Right Went Wrong: Conservatism--From Goldwater to the Tea Party and Beyond,Politica,Quatro,322.74,NÃO
Equal Is Unfair: America's Misguided Fight Against Income Inequality,Politica,Um,348.55,NÃO
Amid the Chaos,Cultural,Um,224.24,NÃO
Dark Notes,Erotica,Cinco,117.63,NÃO
The Long Shadow of Small Ghosts: Murder and Memory in an American City,Crime,Um,67.25,NÃO
